id,champion_id,slot,name,description,image_path
1,1,P,死兆の構え,一定時間ごとに、次の通常攻撃が対象の最大体力に応じた追加<magicDamage>魔法ダメージ</magicDamage>を与え、同量の体力を回復する。 ,/img/spell/Aatrox_Passive.png
2,1,Q,ダーキンブレード,大剣を叩きつけて物理ダメージを与える。剣を3回振ることが可能で、振るごとに効果範囲が変化する。,/img/spell/AatroxQ.png
3,1,W,炎獄の鎖,地面を叩きつけて、最初に命中した敵にダメージを与える。チャンピオンと大型モンスターは数秒以内に攻撃範囲から出なければ、中央に引き寄せられて再度ダメージを受ける。,/img/spell/AatroxW.png
4,1,E,影進撃,自動効果として、敵チャンピオンにダメージを与えると体力が回復する。発動すると、指定方向に向かってダッシュする。,/img/spell/AatroxE.png
5,1,R,ワールドエンダー,悪魔形態を解放して周囲の敵ミニオンにフィアー効果を与え、攻撃力、回復量、移動速度が増加する。キルまたはアシストを獲得した場合、この効果が延長される。,/img/spell/AatroxR.png
6,2,P,生気吸引,ミニオンまたはモンスターを9体キルすると体力が回復する。<br>敵チャンピオンからキルまたはアシストを奪うと体力が大幅に回復する。,/img/spell/Ahri_SoulEater2.png
7,2,Q,幻惑のオーブ,往復するオーブを放ち、命中した敵に魔法ダメージを与える。戻る時に与えるダメージは確定ダメージになる。 ,/img/spell/AhriQ.png
8,2,W,フォックスファイア,少しの間だけ移動速度が増加し、近くにいる敵を自動的に攻撃する、3つの狐火を放つ。,/img/spell/AhriW.png
9,2,E,チャーム,投げキッスを放ち、最初に触れた敵にダメージとチャーム効果を与える。チャームされた敵は何もできなくなってアーリに引き寄せられ、発動中の移動スキルもただちに無効になる。,/img/spell/AhriE.png
10,2,R,スピリットラッシュ,ダッシュしてエネルギーを放ち、周囲にいる敵にダメージを与える。「スピリットラッシュ」はクールダウンに入るまでの間に、最大3回使用できる。敵チャンピオンからキルまたはアシストを奪うと、再発動可能な回数が増える。,/img/spell/AhriR.png
11,3,P,刺客の刻印,チャンピオンにスキルでダメージを与えると対象の周囲に気の輪が形成される。輪の外に出るとアカリの次の通常攻撃の射程とダメージが増加する。,/img/spell/Akali_P.png
12,3,Q,五連苦無,5本のくないを投げて自身の増加攻撃力と魔力に応じたダメージを与えてスロウ効果を与える。,/img/spell/AkaliQ.png
13,3,W,黄昏の帳,姿を隠すための煙幕を張り、少しの間だけ移動速度が増加する。「帳」の中ではインビジブル状態になり、敵のスキルや通常攻撃で対象指定されなくなる。通常攻撃を行うかスキルを使用すると一時的に可視化される。,/img/spell/AkaliW.png
14,3,E,翻身手裏剣,後方に宙返りして前方に手裏剣を投げ、魔法ダメージを与える。最初に当たった敵または煙幕はマークされる。再発動するとマークされた対象までダッシュして追加でダメージを与える。,/img/spell/AkaliE.png
15,3,R,完遂,指定方向に跳躍して攻撃した敵にダメージを与える。<br><br>再発動: 指定方向にダッシュして、攻撃したすべての敵に対象の減少体力に応じたダメージを与える。,/img/spell/AkaliR.png
16,4,P,ダーティーファイト,通常攻撃かスキルを3回使用するごとに追加ダメージを与え、対象がチャンピオンだった場合はシールドを獲得する。<br><br>通常攻撃時に追加で通常攻撃を行う。ただし、その際のダメージは低下する。追加の通常攻撃をキャンセルすると、代わりに移動速度が増加する。,/img/spell/akshan_p.png
17,4,Q,報復のブーメラン,ブーメランを投げる。ブーメランは往路と復路でダメージを与え、敵に命中するたびに射程が増加する。,/img/spell/AkshanQ.png
18,4,W,義賊の流儀,自動効果で味方チャンピオンを倒した敵チャンピオンを「悪党」としてマークする。自分が「悪党」をキルすると、その「悪党」にキルされていた味方が復活し、追加ゴールドを獲得する。その際、すべてのマークが除去される。<br><br>発動するとカモフラージュ状態になり、「悪党」に向かっている間は移動速度とマナ自動回復が増加する。茂みの外に出るか地形から離れると、カモフラージュ状態がすぐに解除される。,/img/spell/AkshanW.png
19,4,E,ヒーロースイング,地形に向けてグラップルフックを発射し、その周囲をスイングしながら最も近い敵に繰り返し射撃を行う。チャンピオンか地形に衝突すると、その時点で飛び降りる。自ら早めに飛び降りることもできる。,/img/spell/AkshanE.png
20,4,R,当然の報い,敵チャンピオンをロックオンして弾丸のチャージを開始する。チャージ終了時にすべての弾丸を発射し、最初に命中したチャンピオン、ミニオン、または建造物に減少体力に応じたダメージを与える。,/img/spell/AkshanR.png
21,5,P,戦士の咆哮,敵チャンピオンをスタンさせるか弾き飛ばした時、または周囲で敵ユニットが倒されると「咆哮」をチャージする。最大までチャージされると自身および近くにいるすべての味方チャンピオンの体力を回復する。,/img/spell/Alistar_E.png
22,5,Q,圧砕,地面をたたきつけ、周囲にいる敵ユニットにダメージを与えてノックアップする。,/img/spell/Pulverize.png
23,5,W,頭突き,対象に「頭突き」を食らわせてダメージを与え、ノックバックさせる。,/img/spell/Headbutt.png
24,5,E,踏破,周囲の敵を踏みつけてユニットをすり抜けるようになる。これでチャンピオンにダメージを与えた場合、スタックを1つ獲得。スタックが最大になるとチャンピオンに対する次の通常攻撃に追加魔法ダメージとスタン効果を付与する。,/img/spell/AlistarE.png
25,5,R,不屈の意志,荒々しい雄叫びをあげ、自身に付与された行動妨害効果をすべて解除する。効果時間中は自身が受ける物理ダメージと魔法ダメージを軽減する。,/img/spell/FerociousHowl.png
26,6,P,ドレイクハウンドの猛攻,スキルを発動中に通常攻撃または移動操作をすると、スキル発動後に短い距離をダッシュして、次の通常攻撃の射程距離、ダメージ、攻撃速度が増加し、気を回復する。,/img/spell/Icon_Ambessa_Passive.Domina.png
27,6,Q,カニングスイープ/サンダリングスラム,両手のドレイクハウンドを自身の前方に向かって半円状に振り回し、刃が当たった敵に追加ダメージを与える。敵に攻撃が命中すると、次に発動するこのスキルが短時間変化し、自身の前方に向かって両手のドレイクハウンドを直線状に叩きつけ、最初に命中した敵に追加ダメージを与える。,/img/spell/AmbessaQ.png
28,6,W,断交,シールドを獲得し、少しの間身構えた後地面を叩きつけて周囲の敵にダメージを与える。身構えている間にミニオン以外からのダメージをブロックしていた場合、このスキルの与えるダメージが増加する。,/img/spell/AmbessaW.png
29,6,E,ラセレイト,両手のドレイクハウンドを自身の周囲に振り回し、付近の敵にダメージとスロウ効果を与える。このスキルから「ドレイクハウンドの猛攻」を発動すると、ダッシュ終了後にもう一度攻撃する。,/img/spell/AmbessaE.png
30,6,R,公開処刑,指定した直線上の最も遠い敵チャンピオンの場所までブリンクし、到着時に敵にサプレッション効果を付与する。その後、敵を地面に叩きつけ、ダメージを与えスタンさせる。,/img/spell/AmbessaR.png
31,7,P,呪いの手,通常攻撃で敵に<font color='#9b0f5f'>「呪い」</font>をかける。呪われた対象は、魔法ダメージを受ける際に追加確定ダメージを受けるようになる。,/img/spell/Amumu_Passive.png
32,7,Q,絡みつく包帯,指定方向にべとべとの包帯を投げつける。敵に当たるとダメージとスタンを与え、包帯をたぐって相手の近くに素早く移動する。,/img/spell/BandageToss.png
33,7,W,めそめそ,涙を流し、触れた敵に最大体力の一定割合のダメージを毎秒与え、対象に付与された<font color='#9b0f5f'>「呪い」</font>の効果時間を更新する。,/img/spell/AuraofDespair.png
34,7,E,だだっこ,敵から受ける物理ダメージを恒久的に軽減する。発動して怒りを爆発させると、周囲の敵にダメージを与える。自身が攻撃を受けるたびに「だだっこ」のクールダウンが短縮される。,/img/spell/Tantrum.png
35,7,R,めそめそミイラの呪い,周囲の敵ユニットを包帯で拘束して<keywordMajor>「呪い」</keywordMajor>を付与する。さらにダメージを与えてスタンさせる。,/img/spell/CurseoftheSadMummy.png
36,8,P,再誕,アニビアは力尽きると、体力が最大の状態で卵に戻る。,/img/spell/Anivia_P.png
37,8,Q,フラッシュフロスト,指定方向に両翼で力強く羽ばたいて、氷の塊を放つ。氷は触れた敵に魔法ダメージと「チルド」を与える。最大距離に達するかこのスキルを再使用すると氷の塊が炸裂して、範囲内の敵にダメージとスタンを与える。,/img/spell/FlashFrost.png
38,8,W,アイスウォール,空気中の水分を凝縮して氷の壁をつくり、相手の移動を妨害する。壁は数秒後に溶けて消滅する。,/img/spell/Crystallize.png
39,8,E,フロストバイト,翼をはためかせて対象を凍てつく氷柱で攻撃し、ダメージを与える。直前に「フラッシュフロスト」が当たったか、最大範囲の「ブリザード」でダメージを受けた対象には、2倍のダメージを与える。,/img/spell/Frostbite.png
40,8,R,ブリザード,指定範囲に激しい吹雪を召喚する。吹雪は範囲内の敵に継続ダメージを与え「チルド」を付与する。,/img/spell/GlacialStorm.png
41,9,P,火遊びだいすき,スキルを4回使用すると、次に行う攻撃スキルが対象をスタンさせる。<br><br>試合開始時および復活時は「火遊びだいすき」が使用可能な状態でスタートする。,/img/spell/Annie_Passive.png
42,9,Q,ファイアボール,火の玉を放って、指定した対象にダメージを与える。このスキルで敵ユニットを倒すと、消費したマナが回復しクールダウンが短縮する。,/img/spell/AnnieQ.png
43,9,W,バーニングファイア,指定方向に扇状の炎を放ち、範囲内のすべての敵ユニットにダメージを与える。,/img/spell/AnnieW.png
44,9,E,モルテンシールド,自身または味方1体にシールドを付与し、移動速度が一時的に上昇する。また、通常攻撃かスキルで自身を攻撃した敵にダメージを与える。,/img/spell/AnnieE.png
45,9,R,やっちゃえ！ティバーズ！,クマのティバーズを召喚し、範囲内の敵ユニットにダメージを与える。召喚されたティバーズは敵ユニットを攻撃し、身にまとう炎で周囲にいる敵に継続ダメージを与える。,/img/spell/AnnieR.png
46,10,P,殺す者と導く者,アフェリオスは妹のアルーンが作った5種類のルナリ武器を使って戦う。一度に2種類の武器を保持でき、1つはメインハンド、もう1つはオフハンドに装備する。各武器にはそれぞれ独自の通常攻撃とスキルがある。通常攻撃とスキルは各武器の弾薬を消費する。弾薬が切れるとアフェリオスはその武器を捨て、5種類あるうちの次の武器をアルーンが召喚する。 ,/img/spell/ApheliosP.png
47,10,Q,武器ごとのスキル,アフェリオスには、メインハンド武器に応じて変化する5種類の発動スキルがある:<br><br>キャリブラム(ライフル): 長射程攻撃で対象をマークして再度長射程から攻撃する。<br>セヴェラム(鎌型ピストル): 素早く走りながら近くの敵を両方の武器で攻撃する。<br>グラヴィタム(キャノン): この武器のスロウ効果を受けているすべての敵にスネア効果を付与する。<br>インファーナム(火炎放射器): 扇状範囲内の敵に炎を浴びせ、対象をオフハンド武器で攻撃する。<br>クレッシェンダム(チャクラム): オフハンド武器を搭載したセントリーを設置する。<br>,/img/spell/ApheliosQ_ClientTooltipWrapper.png
48,10,W,フェーズ,メインハンド武器とオフハンド武器を切り替え、通常攻撃および発動スキルを変化させる。,/img/spell/ApheliosW.png
49,10,E,武器キューシステム,アフェリオスには3つ目のスキルがない。このスロットにはアルーンから次に渡される武器が表示される。武器の登場順は固定だが、試合を進める過程で順番を入れ替えることはできる。弾が切れた武器は順番の最後に回される。,/img/spell/ApheliosE_ClientTooltipWrapper.png
50,10,R,月光の祈り,凝縮された月光のエネルギーを発射する。月光は敵チャンピオンに命中すると爆発する。メインハンド武器に応じて異なる効果を適用する。,/img/spell/ApheliosR.png
51,11,P,フロストショット,通常攻撃が命中した対象にスロウ効果を付与する。さらにその対象に通常攻撃をすると、ダメージが増加する。<br><br>アッシュのクリティカルは追加ダメージを一切与えない代わりに、対象により強力なスロウ効果を付与する。,/img/spell/Ashe_P.png
52,11,Q,レンジャーフォーカス,通常攻撃によって「フォーカス」のスタックがたまるようになり、スタックが最大になるとすべて消費して「レンジャーフォーカス」を使用できる。効果時間中は攻撃速度が増加し、通常攻撃が強力な「疾風の矢」に変化する。,/img/spell/AsheQ.png
53,11,W,ボレー,矢を扇状に発射し、命中した敵にダメージを与える。同時に、命中した相手に「フロストショット」のレベルに応じたスロウ効果を付与する。,/img/spell/Volley.png
54,11,E,スカウトホーク,マップ上の指定した地点へ「ホークスピリット」を放ち、視界を確保することができる。,/img/spell/AsheSpiritOfTheHawk.png
55,11,R,クリスタルアロー,アッシュが一直線に飛翔する氷の矢を放つ。最初に命中した敵チャンピオンにダメージを与え、飛距離に応じたスタン効果を付与する。氷の矢は砕けると同時に周囲の敵ユニットにもダメージを与え、移動速度を低下させる。,/img/spell/EnchantedCrystalArrow.png
56,12,P,宇宙の創造者,攻撃スキルを敵に命中させると、<font color='#3458eb'>「星屑」</font>のスタックを獲得できる。このスタックは各スキルを恒久的に強化する。 ,/img/spell/AurelionSolP.png
57,12,Q,星炎の息吹,数秒間詠唱して炎を吹き出し、最初に命中した敵にダメージを与え、その周囲の敵にはそれよりも少ないダメージを与える。敵に直接炎を吹きかけている間は、毎秒追加ダメージを与える。このダメージは獲得した「星屑」の数に応じて増加する。このスキルの対象がチャンピオンだった場合、「星屑」を獲得できる。,/img/spell/AurelionSolQ.png
58,12,W,天空への飛翔,飛翔して、指定方向に地形を超えて移動する。飛翔している間も、他のスキルを発動できる。また、飛翔中は「星炎の呼吸」のクールダウンおよび最大詠唱時間がなくなり、与えるダメージが増加する。<br><br>自身がダメージを与えた敵チャンピオンがその直後に倒されるたびに、このスキルの残りクールダウンが短縮される。<br><br>獲得した「星屑」の数に応じて、このスキルの最大射程が増加する。,/img/spell/AurelionSolW.png
59,12,E,特異点,ブラックホールを召喚して敵にダメージを与え、ゆっくりとその中心に向かって引き寄せる。敵がブラックホールの範囲内で倒されるたびに、「星屑」を獲得する。また、敵チャンピオンを範囲内に捕らえている間も、毎秒「星屑」を獲得できる。ブラックホールの中心部は、体力が最大体力の一定割合を下回っている敵に、とどめを刺すことができる。「星屑」の数に応じて「特異点」の効果範囲が増加し、とどめを刺せる体力割合の基準値が上昇する。,/img/spell/AurelionSolE.png
60,12,R,星の邂逅/崩れ落つ天穹,星の邂逅: 地上に星を降らせ、その衝撃で敵に魔法ダメージを与えて、スタンさせる。また、命中した敵チャンピオン1体ごとに「星屑」を獲得する。「星屑」を一定数獲得すると、次に使用する「星の邂逅」が「崩れ落つ天穹」に変化する。<br><br>崩れ落つ天穹: 天空から巨大な星を引き寄せる。この星は落下時の効果範囲とダメージが増加しており、敵をスタンではなくノックアップさせる。また、落下時の効果範囲の端から衝撃波が広がり、命中した敵にダメージとスロウ効果を与える。獲得した「星屑」の数に応じて、「星の邂逅」と「崩れ落つ天穹」は落下時の効果範囲が増加する。,/img/spell/AurelionSolR.png
61,13,P,精霊の解放,スキルおよび通常攻撃で敵にダメージを与えると、その敵を祓い、精霊を解放する。解放された精霊はオーロラの背後に付いてまわり、オーロラの体力を回復する。,/img/spell/AuroraPassive.Aurora.png
62,13,Q,折れ重なる魔法,呪いの塊を放ち、それが触れたすべての敵に呪いをかける。スキルを再発動すると呪いを自身のもとへ呼び戻し、その際に触れた敵にダメージを与える。,/img/spell/AuroraQ.png
63,13,W,ベールを越えて,指定方向に飛び跳ね、着地時に精霊界に入って、少しの間、インビジブル状態になり、移動速度が増加する。,/img/spell/AuroraW.png
64,13,E,ウィアーディング,二つの領域を融合し、激しくほとばしる精霊魔法を放つ。敵に魔法ダメージとスロウ効果を与え、自身は安全を確保するために後方に飛び跳ねる。,/img/spell/AuroraE.png
65,13,R,世界の狭間,指定方向に飛び跳ね、波動を放ち、それが触れたすべての敵にダメージとスロウ効果を与える。その後、敵にスロウ効果を与えるエリアを作り出し、自身はそのエリアの端から別の端にテレポートできるようになる。,/img/spell/AuroraR.png
66,14,P,シュリーマの遺産,アジールは敵や味方のタワーの残骸から「太陽の円盤」を召喚できる。,/img/spell/Azir_Passive.png
67,14,Q,征服の勅命,すべての砂塵兵を指定地点に集結させる。砂塵兵は進路上でぶつかった全ての敵ユニットに、魔法ダメージと1秒間のスロウ効果を与える。,/img/spell/AzirQWrapper.png
68,14,W,目覚めよ！,アジールに代わって敵を攻撃する砂塵兵を1体召喚する。砂塵兵の射程距離内にいる対象にアジールが通常攻撃をすると、砂塵兵が対象の敵に向かって槍を突く。砂塵兵は直線上にいる敵ユニットすべてに魔法ダメージを与える。,/img/spell/AzirW.png
69,14,E,流砂の衝撃,アジールが少しの間だけシールドを獲得して、指定した砂塵兵に向かってダッシュし、触れた敵ユニットにダメージを与える。敵チャンピオンに衝突するとその場で停止し、直ちに新たな砂塵兵のチャージを獲得する。,/img/spell/AzirEWrapper.png
70,14,R,皇帝の分砂嶺,兵士たちの壁を召喚する。兵士たちは前方に突進し、衝突した敵にダメージとノックバックを与えたあと、その場で敵の進行を防ぐ壁となる。,/img/spell/AzirR.png
71,15,P,旅人の呼び声,<font color='#FF9900'>ミィプ:</font> ミィプと呼ばれる精霊を呼び寄せて通常攻撃を支援させ、追加魔法ダメージを与える。一定数の<font color='#cccc00'>チャイム</font>を集めると、ミィプの攻撃が範囲攻撃になり、命中した敵にスロウ効果も与えるようになる。<br><br><font color='#FF9900'>いにしえの鐘:</font> 古代の<font color='#cccc00'>チャイム</font>がランダムに出現し、回収するたびに経験値を獲得して、マナが回復するほか、非戦闘時の移動速度が増加する。,/img/spell/Bard_Passive.png
72,15,Q,宇宙の法則,魔法のエネルギーを発射し、最初に命中した敵にスロウを与える。貫通したエネルギーが壁に当たった場合は最初の対象が、別の敵ユニットに当たった場合は両方の対象がスタン状態になる。,/img/spell/BardQ.png
73,15,W,回復の遺物,体力を回復する遺物を出現させる。遺物は短時間徐々に効果が増大し、最初に触れた味方の体力を回復して移動速度を増加させると消滅する。,/img/spell/BardW.png
74,15,E,精霊の旅路,付近の地形に一方通行の魔法のトンネルを出現させる。敵も味方も同じようにトンネルを通り抜けられるが、レベルに応じて味方が通り抜ける速度は増加する。,/img/spell/BardE.png
75,15,R,運命の調律,精霊の魔力を放つ。魔力は放物線を描いて飛んでいき、着弾と同時に範囲内のすべてのユニットとタワーをしばらく停止させる。,/img/spell/BardR.png
76,16,P,死のラベンダー,大型ミニオン、大型モンスター、チャンピオンからキルまたはアシストを獲得すると、攻撃速度のスタックを恒久的に獲得する。また、スキル使用後に一時的に攻撃速度が増加する。,/img/spell/Belveth_Passive.png
77,16,Q,ヴォイドサージ,選択した方向にダッシュして、接触したすべての敵にダメージを与える。,/img/spell/BelvethQ.png
78,16,W,天と地,尻尾を地面に叩きつけ、敵にダメージを与えてノックアップさせ、スロウ効果を付与する。,/img/spell/BelvethW.png
79,16,E,ロイヤルストーム,その場で動きを止めて自身の周囲に強烈な嵐を召喚し、最も体力の低い敵を切り裂いて、ライフスティールとダメージ軽減効果を獲得する。,/img/spell/BelvethE.png
80,16,R,終わりなき晩餐,ヴォイドの珊瑚の残片を吸収し、真の姿に変身して最大体力、射程距離、攻撃速度、非戦闘時の移動速度が増加する。ヴォイド出身のエピックモンスターが残したヴォイドの珊瑚の残片を吸収すると、アルティメットスキルの効果時間が増加し、ヴォイドのコバンザメを召喚できるようになる。,/img/spell/BelvethR.png
81,17,P,マナバリア,体力が低下すると、マナの量に応じたシールドを獲得する。,/img/spell/Blitzcrank_ManaBarrier.png
82,17,Q,ロケットグラブ,指定方向に右手を発射する。最初に触れた敵ユニットを掴んでダメージを与え、スタン効果を付与して自身のそばに引き寄せる。,/img/spell/RocketGrab.png
83,17,W,オーバードライブ,エネルギーをスーパーチャージして、移動速度と攻撃速度を大幅に上げる。効果終了後、エネルギーが切れて一時的にスロウ状態になる。,/img/spell/Overdrive.png
84,17,E,パワーフィスト,拳にエネルギーを充填して次の通常攻撃のダメージを2倍にし、対象をノックアップする。,/img/spell/PowerFist.png
85,17,R,イナズマフィールド,通常攻撃した敵にマークを付け、1秒後に電撃のダメージを与える。また、発動すると周囲の敵ユニットのシールドを消滅させ、ダメージを与えて短時間のサイレンス効果を与える。,/img/spell/StaticField.png
86,18,P,炎上,スキルで攻撃するたびに対象が炎上し、4秒かけて魔法ダメージを与える。この効果は3回までスタックする。炎上中の敵ユニットを倒すとマナを回復する。チャンピオンまたは大型モンスターに付与されたスタックが最大になると臨界点に達して2秒後に爆発し、周囲の敵にスキル命中時効果を付与して大ダメージを与える。,/img/spell/BrandP.png
87,18,Q,焦炎,指定方向に火の玉を放ち、最初に命中した敵ユニットに魔法ダメージを与える。炎上中の対象は、このスキルが命中するとスタン状態になる。,/img/spell/BrandQ.png
88,18,W,烈火の柱,発動から一瞬遅れて指定地点に火柱を発生させ、範囲内の敵ユニットに魔法ダメージを与える。炎上中の対象は、火柱から受けるダメージが25%増加する。,/img/spell/BrandW.png
89,18,E,焼灼,強力な爆風で対象を攻撃し、周囲の敵も巻き込んで魔法ダメージを与える。炎上中の対象に爆風が命中すると、効果範囲が2倍になる。,/img/spell/BrandE.png
90,18,R,業火,指定した対象に最大5回まで跳ね返る強力な火炎弾を放つ。この火炎弾は自身と付近にいる敵の間で跳ね返り、敵に命中するたびに魔法ダメージを与える。この跳ね返りは、優先的に敵チャンピオンの「炎上」スタックを最大にしようとする。炎上中の対象に命中すると、短い間その対象にスロウを与える。,/img/spell/BrandR.png
91,19,P,漢の拳,通常攻撃を命中させると「漢の拳」がスタックする。スタックが1つ以上ある敵には、<font color='#FFF673'>味方</font>の通常攻撃でも効果がスタックする。 <br><br>スタックが4つ溜まると対象はスタン状態になり、魔法ダメージを受ける。スタン状態になった敵はその後、数秒間はスタックが増加しない。ただしブラウムの攻撃が命中すると追加魔法ダメージを受ける。,/img/spell/Braum_Passive.png
92,19,Q,冬の凍瘡,盾から氷塊を発射し、最初に命中した敵ユニットに魔法ダメージとスロウ効果を与える。<br><br>命中した敵には<font color='#FFF673'>「漢の拳」</font>がスタックする。,/img/spell/BraumQ.png
93,19,W,ワシに任せとけ！,指定した味方チャンピオンまたはミニオンのもとへ跳躍する。付近に敵チャンピオンがいた場合、対象と敵チャンピオンの間に着地する。着地したあと、自身と対象の物理防御と魔法防御を数秒間増加させる。,/img/spell/BraumW.png
94,19,E,不破の盾,指定方向に巨大な盾を掲げ、数秒間すべての遠距離攻撃を体を張って食い止める。盾を構えている間は移動速度が増加し、最初に盾に当たった攻撃のダメージを無効化する。盾を構えている間、同方向から来る攻撃のダメージを軽減する。,/img/spell/BraumE.png
95,19,R,氷河の裂溝,盾を地面にたたきつけて指定方向に地割れを起こし、周囲にいる敵と地割れのライン上にいる敵をノックアップさせる。<br>地割れは短時間持続し、範囲内に入った敵にスロウ効果を付与する。,/img/spell/BraumRWrapper.png
96,20,P,真紅の呪い,通常攻撃とスキルが出血のスタックを付与し、与えたダメージの一定割合にあたる体力を回復する。絶えず飢えているブライアーは、減少体力に応じて回復量が増加するが、体力自動回復は備わっていない。,/img/spell/BriarP.png
97,20,Q,ヘッドラッシュ,ユニットのもとに跳躍して、強烈なかかと落としで敵を攻撃し、対象をスタンさせて物理防御を低下させる。,/img/spell/BriarQ.png
98,20,W,血の狂乱/衝動噛み,前方に跳躍して首枷を破壊し、「血の狂乱」状態になる。効果時間中は最も近くの敵(チャンピオンを優先)を執拗に追いかけて通常攻撃する。狂乱状態では攻撃速度と移動速度が増加し、通常攻撃が対象を中心に範囲ダメージを与えるようになる。<br><br>狂乱中にこのスキルを再発動すると、次の通常攻撃で対象に噛みつき、対象の減少体力に応じて追加ダメージを与える。さらに、与えたダメージに応じて自身の体力を回復する。,/img/spell/BriarW.png
99,20,E,呪福の叫び,精神を集中して「血の狂乱」状態を解除し、エネルギーを溜めて凄まじい叫び声を上げ、敵にダメージとスロウ効果を与える。チャージ中はダメージ軽減効果を獲得し、最大体力の一定割合にあたる体力を回復する。最大までチャージすると、叫び声が敵をノックバックさせる。対象が壁に当たった場合、追加ダメージを与えてスタンさせる。,/img/spell/BriarE.png
100,20,R,迫りくる死,首枷に付けられた魔石ヘモリスを蹴り飛ばし、最初に命中したチャンピオンを獲物としてマークする。その後、獲物まで一直線に飛んでいき、到着時に周囲の他の敵にフィアー効果を与え、完全な渇血状態になる。この間は「血の狂乱」の効果を得て、物理防御、魔法防御、ライフスティール、移動速度が増加し、デスするまで獲物を追いかけ通常攻撃する。,/img/spell/BriarR.png
101,21,P,ヘッドショット,通常攻撃数回ごと、または自身のトラップやネットにかけた対象に、クリティカル率によってダメージが増加する「ヘッドショット」を発射できる。トラップまたはネットにかけた対象に対しては「ヘッドショット」の射程が2倍になる。,/img/spell/Caitlyn_Headshot.png
102,21,Q,ピースメーカー,1秒間ライフルをチャージし、指定方向に貫通弾を発射する。貫通弾は命中した敵ユニットに物理ダメージを与える。<br>(2体目以降へのダメージは徐々に減少する),/img/spell/CaitlynQ.png
103,21,W,ヨードルトラップ,トラップを仕掛ける。トラップに触れた敵チャンピオンに1.5秒間スネア効果を付与し、可視状態にする。また、強化された「ヘッドショット」が1回可能になる。,/img/spell/CaitlynW.png
104,21,E,L-90 カリバーネット,重たいネットを発射して、対象に魔法ダメージとスロウ効果を与える。自身はネットを発射した反動で、反対方向にとぶ。,/img/spell/CaitlynE.png
105,21,R,ブルズアイ,1秒かけて狙いを定め、指定した敵チャンピオンを狙撃する。別の敵チャンピオンが射線を塞いだ場合、弾丸はそのチャンピオンに命中する。,/img/spell/CaitlynR.png
106,22,P,アダプティブディフェンス,敵チャンピオンに通常攻撃すると、その敵の主なダメージの種類(物理または魔法)に応じて、少しの間だけ自身の最大体力の一定割合にあたるシールドを獲得する。,/img/spell/Camille_Passive.png
107,22,Q,プレシジョンプロトコル,次の通常攻撃が追加ダメージを与え、移動速度が増加する。このスキルは少しの間だけ再発動することが可能で、再発動までの間に一定の間隔を置くと追加ダメージが大きく増加する。,/img/spell/CamilleQ.png
108,22,W,タクティカルスイープ,少し間を置いてから扇状の範囲に攻撃を行ってダメージを与える。攻撃範囲の外側半分にいた敵ユニットにはスロウ効果と追加ダメージを与え、また同時に自身を回復する。,/img/spell/CamilleW.png
109,22,E,フックショット,壁に飛びついてから跳躍して、着地時に敵チャンピオンをノックアップする。,/img/spell/CamilleE.png
110,22,R,ヘクステック・アルティメイタム,指定した敵チャンピオンに向かってダッシュして、対象を一定エリア内に閉じ込める。さらに通常攻撃がその対象に追加魔法ダメージを与えるようになる。,/img/spell/CamilleR.png
111,23,P,妖艶な蛇行,カシオペアは獲得するあらゆる移動速度ボーナスの効果が増加する。,/img/spell/Cassiopeia_Passive.png
112,23,Q,ノクサスブラスト,発動から一瞬遅れて指定地点に強力な毒を噴出させる。このスキルがチャンピオンに命中すると、自身の移動速度が増加する。,/img/spell/CassiopeiaQ.png
113,23,W,ミアズマ,多数の毒霧を発生させ、その範囲に足を踏み入れた敵にスロウ効果と釘付け効果に加え、軽度のダメージを与える。釘付け効果を受けた敵は、移動スキルを使用することができない。,/img/spell/CassiopeiaW.png
114,23,E,ツインファング,毒に侵された対象に対してダメージが増加する攻撃を繰り出す。与えたダメージの一定割合分、自身の体力を回復する。また、このスキルで対象を倒すと自身のマナを回復する。,/img/spell/CassiopeiaE.png
115,23,R,石化の魔眼,石化の魔眼を開放し、扇形範囲内で自身のほうを向いている敵にスタン効果を付与する。<br>自身に背を向けている敵にはスロウ効果を付与する。,/img/spell/CassiopeiaR.png
116,24,P,暴食,敵ユニットを倒すたびに体力とマナが回復する。<br>この回復量はチョ＝ガスのレベルに応じて増加する。,/img/spell/GreenTerror_TailSpike.png
117,24,Q,ラプチャー,指定地点に下から突き出るようにトゲを発生させる。効果範囲内の敵ユニットをノックアップさせてダメージを与え、スロウ効果を付与する。,/img/spell/Rupture.png
118,24,W,スクリーム,扇形の範囲内にいる敵に恐ろしい叫声を浴びせ、魔法ダメージと数秒間のサイレンス効果を与える。,/img/spell/FeralScream.png
119,24,E,ヴォーパルスパイク,通常攻撃時に鋭いトゲを発射し、自身の前方にいる敵ユニットにダメージとスロウ効果を与える。,/img/spell/VorpalSpikes.png
120,24,R,捕食,敵ユニットを「捕食」して高い確定ダメージを与える。このスキルで敵ユニットを倒すと自身は巨大化して、最大体力が増加する。,/img/spell/Feast.png
121,25,P,ヘクステック榴散弾,通常攻撃ダメージの一定割合を追加<trueDamage>確定ダメージ</trueDamage>として与える。,/img/spell/Corki_RapidReload.png
122,25,Q,閃光弾,爆弾を発射し、範囲内の敵に魔法ダメージを与える。<br>範囲内の敵は一定時間可視状態になる。,/img/spell/PhosphorusBomb.png
123,25,W,ワルキューレ機行,爆弾を落しながら短距離を飛行する。通過したエリアには一定時間火炎が残り、エリア内にいる敵にダメージを与える。,/img/spell/CarpetBomb.png
124,25,E,ガトリングガン,ガトリングガンを高速連射し、前方の扇形範囲内にいる敵にダメージを与え、物理防御と魔法防御を低下させる。,/img/spell/GGun.png
125,25,R,連発ミサイル,指定方向にミサイルを発射する。ミサイルは敵ユニットに命中すると爆発し、範囲内の敵ユニットにダメージを与える。ミサイルのストックは最大に達するまで一定時間ごとにチャージされる。<br>3発ごとに「ドデカミサイル」が発射され、通常より大きいダメージを与える。,/img/spell/MissileBarrage.png
126,26,P,大出血,通常攻撃または攻撃スキルが命中した敵を出血させ、5秒間物理ダメージを与える。最大5回まで効果をスタックさせることができる。対象のスタックが最大になると、ダリウスが激怒して攻撃力が大幅に増加する。,/img/spell/Darius_Icon_Hemorrhage.png
127,26,Q,皆殺しの斧,斧を構えて振り抜き、周囲の敵を攻撃する。刃に当たった敵は、内側の柄に当たった敵より大きなダメージを受ける。刃に当たった敵チャンピオンと大型モンスターの数に応じて自身を回復する。,/img/spell/DariusCleave.png
128,26,W,脚削ぎ,次の通常攻撃で敵の動脈を狙い、出血させることでスロウ効果を付与する。,/img/spell/DariusNoxianTacticsONH.png
129,26,E,捕縛,斧を研ぎ澄まし、対象の物理防御を一部無視して物理ダメージを与えるようになる。スキルを使用すると、刃で敵を引っかけてそばに引き寄せる。,/img/spell/DariusAxeGrabCone.png
130,26,R,ノクサスギロチン,敵チャンピオンに飛びかかり、斧を振り下ろして確定ダメージを与える。対象の「大出血」のスタック数に応じてダメージが増加する。「ノクサスギロチン」で敵にとどめを刺すと、少しの間クールダウンが解消される。,/img/spell/DariusExecute.png
131,27,P,繊月の刃,通常攻撃3回ごとに周囲の敵に追加魔法ダメージを与える。スキル使用後、5秒間、攻撃速度が増加する。,/img/spell/Diana_Passive_LunarBlade.png
132,27,Q,月影,弧を描くように月の力を放ち、命中した敵ユニットに魔法ダメージを与える。<br><br>命中した敵には「月光」を付与し、ステルス状態の敵をのぞいて3秒間可視状態にする。,/img/spell/DianaQ.png
133,27,W,朧月の羽衣,体の周囲を3つの月光の玉が旋回し、敵と接触すると爆発して有効範囲内の敵ユニットにダメージを与える。さらに発動と同時に、ダイアナを守るシールドが発生する。3つ目の光の玉が爆発すると、シールドを再び展開する。,/img/spell/DianaOrbs.png
134,27,E,月下美刃,復讐心に燃える月の化身となり、敵のところまでダッシュして魔法ダメージを与える。<br><br>「月光」が付与された敵に使用した場合、クールダウンがリセットされると同時に、全ての敵ユニットの「月光」が解除される。,/img/spell/DianaTeleport.png
135,27,R,崩月,周囲のすべての敵を可視化して自身の方向に引き寄せ、スロウ効果を与える。<br><br>1体以上の敵チャンピオンを引き寄せると、少ししてから自身の上に月光が降り注ぎ、周囲の範囲内の敵に魔法ダメージを与える。このダメージは2体目以降に引き寄せた対象が1体増えるごとに増加する。,/img/spell/DianaR.png
136,28,P,気ままな往診,最初に受ける移動不能効果を無効化する。その際、代わりに体力を失い、近くに薬品の入った容器を落とす。落とした容器の上を歩いて回収すると体力が回復し、このスキルのクールダウンが短縮される。<br><br>また、ドクター・ムンドは極めて高い体力自動回復能力を持っている。<br>,/img/spell/DrMundo_P.png
137,28,Q,骨切りノコギリ,骨切りノコギリを投げ、最初に命中した敵に対象の現在体力に応じたダメージを与えて、スロウ効果を付与する。,/img/spell/DrMundoQ.png
138,28,W,心臓ビリビリ,自身を感電させて、周囲の敵に継続的にダメージを与え、受けたダメージの一部を蓄える。効果時間の最後か再発動時に、周囲の敵に大ダメージを与える。これが敵に命中した場合は、それまでに蓄えていたダメージの一定割合を体力として回復する。,/img/spell/DrMundoW.png
139,28,E,野蛮な痛み,自動効果 - 自身の最大体力に応じて増加する、増加攻撃力を獲得する。<br><br>発動効果 - “往診用”バッグを敵に叩きつけ、自身の減少体力に応じた追加ダメージを与える。対象をキルした場合はその敵を弾き飛ばし、接触した敵にダメージを与える。,/img/spell/DrMundoE.png
140,28,R,マキシマム投与,自身に薬品を注入し、減少体力の一定割合を瞬時に回復する。さらに移動速度が増加し、長い時間をかけて最大体力の一部を自動回復する。,/img/spell/DrMundoR.png
141,29,P,リーグ・オブ・ドレイヴン,ドレイヴンが「回転斬斧」をキャッチするか、ミニオンおよび中立モンスター、タワーを破壊すると「名声」がたまる。敵チャンピオンを倒すとドレイヴンがスポットライトと喝采を浴び、「名声」の量に応じてゴールドを獲得する。,/img/spell/Draven_passive.png
142,29,Q,回転斬斧,次の通常攻撃に追加物理ダメージが付与される。対象に命中した斧は空中に跳ね返り、キャッチすると次の攻撃にも「回転斬斧」の効果がつく。<br>「回転斬斧」は2回までスタックする。,/img/spell/DravenSpinning.png
143,29,W,血の疼き,移動速度と攻撃速度が増加する。増加移動速度は、時間の経過とともに急速に減少する。<br>「回転斬斧」をキャッチすると「血の疼き」のクールダウンがリセットされる。,/img/spell/DravenFury.png
144,29,E,薙ぎ払い,斧を投げ、命中した敵に物理ダメージを与えて横に弾き飛ばし、スロウ効果を付与する。,/img/spell/DravenDoubleShot.png
145,29,R,死の車輪,巨大な斧を2丁投げ、命中した全ユニットに物理ダメージを与える。敵チャンピオンに命中すると斧は自身のもとへ戻ってくる。斧が飛んでいる間に再度このスキルを発動すれば、途中で呼び戻すことも可能。ユニットに命中するごとに与えるダメージが減少するが、進行方向が変わると減少はリセットされる。敵の体力が「名声」のスタック数を下回る場合はとどめを刺す。,/img/spell/DravenRCast.png
146,30,P,ゼロ・ドライブ,同一の敵ユニットに通常攻撃または攻撃スキルが3回命中するたび、追加魔法ダメージを与える。対象がチャンピオンの場合、一時的に移動速度が増加する。<br><br>,/img/spell/Ekko_P.png
147,30,Q,タイムワインダー,次元を捻じ曲げる一次元的グレネードを投げ、命中した敵ユニットにダメージとスロウ効果を与える。<br>数秒後、グレネードは巻き戻されて自身の元へ戻ってくる。グレネードは戻る時もダメージ判定を持ち、触れた敵ユニットにダメージを与える。,/img/spell/EkkoQ.png
148,30,W,パラレルトラップ,残り体力の少ない敵に対する通常攻撃が追加魔法ダメージを与える。「パラレルトラップ」を発動すると時間軸を分岐させて数秒後に次元歪曲空間を出現させ、効果範囲内にいる敵にスロウ効果を与える。この次元歪曲空間へエコーが進入するとシールドを獲得し、範囲内の敵ユニットの時間を停止させてスタン効果を与える。,/img/spell/EkkoW.png
149,30,E,フェイズダイブ,指定方向へ短い距離ダッシュし「ゼロ・ドライブ」にエネルギーをチャージする。次の通常攻撃の射程が延び、時空を歪曲させて対象のもとへ瞬間移動すると同時に追加ダメージを与える。,/img/spell/EkkoE.png
150,30,R,クロノブレイク,エコーが時間軸を砕いて敵から対象指定されなくなり、時を巻き戻して数秒前に自身がいた場所へタイムワープする。数秒前の地点に戻ると、その間に受けたダメージの一部を回復する。到着地点付近にいる敵はエコー出現による時空共振により大ダメージを受ける。,/img/spell/EkkoR.png
151,31,P,蜘蛛の女帝,ヒト形態: スキルが敵に命中するたびに、幼体が1体誕生する。<br><br>蜘蛛形態: 通常攻撃に追加魔法ダメージが付与され、攻撃のたびに体力が回復する。,/img/spell/ElisePassive.png
152,31,Q,神経毒/毒牙,ヒト形態: 対象の敵ユニットにダメージを与える。対象の現在体力が多いほど与えるダメージが増加する。<br><br>蜘蛛形態: 対象の敵ユニットに飛びかかって噛み付く。対象の現在体力が少ないほど与えるダメージが増加する。,/img/spell/EliseHumanQ.png
153,31,W,子蜘蛛爆弾/猛食,ヒト形態: 毒液が詰まった幼体を放つ。幼体は敵ユニットに近づくと爆発する。<br><br>蜘蛛形態: エリスと幼体の攻撃速度が増加する。,/img/spell/EliseHumanW.png
154,31,E,繭化/蜘蛛の糸,ヒト形態: 繭を放って最初に命中した敵にスタン効果を付与し、ステルス状態の敵を除いて可視状態にする。<br><br>蜘蛛形態: 幼体とともに空中に跳びあがり、指定した敵のもとへ降下し、「蜘蛛の女帝」から得られる追加ダメージと回復量が増加する。,/img/spell/EliseHumanE.png
155,31,R,蜘蛛形態,恐ろしい蜘蛛の姿になる。射程距離は短くなるが、移動速度が増加して新しいスキルを使用できるようになり、エリスと共に敵を攻撃する幼体の群れを呼び出す。,/img/spell/EliseR.png
156,32,P,妖魔の影,戦闘中以外は「妖魔の影」に包まれ、体力が低下している場合は体力が回復する。レベル6以降は「妖魔の影」でカモフラージュも獲得する。,/img/spell/Evelynn_Passive.png
157,32,Q,ヘイトスパイク,鞭を振って最初に当たった敵ユニットにダメージを与える。その後、地面から一直線に貫通するトゲを近くの敵に数回放つことができる。,/img/spell/EvelynnQ.png
158,32,W,アリュール,対象に呪いをかける。少ししてから次に行う通常攻撃またはスキルがその敵にチャーム効果を与え、魔法防御を低下させる。,/img/spell/EvelynnW.png
159,32,E,ウィップラッシュ,対象を鞭で打ってダメージを与え、その後少しの間だけ移動速度が増加する。,/img/spell/EvelynnE.png
160,32,R,ラストカレス,少しの間だけ対象指定不可になり、自身の正面の範囲内にいる敵に大ダメージを与えてから後方に大きくワープする。,/img/spell/EvelynnR.png
161,33,P,ライジングスペルフォース,スキルを連続で命中させるたびに攻撃速度が増加していく。最大5スタック。,/img/spell/Ezreal_RisingSpellForce.png
162,33,Q,ミスティックショット,エネルギービームを発射してダメージを与える。敵ユニットに命中すると、自身の全スキルのクールダウンが少しだけ短縮される。,/img/spell/EzrealQ.png
163,33,W,エッセンスフラックス,最初に命中したチャンピオンまたはオブジェクトに貼り付くオーブを発射する。オーブの付いた敵を攻撃すると、オーブが爆発してダメージを与える。,/img/spell/EzrealW.png
164,33,E,アーケインシフト,近くの指定地点に瞬間移動してエネルギービームを発射する。このエネルギービームは最も近くにいる敵ユニットに向かって発射される。「エッセンスフラックス」のスタックを受けた敵を優先する。,/img/spell/EzrealE.png
165,33,R,トゥルーショットバラージ,少しチャージしてから敵を貫通する強力なエネルギービームを発射して、命中した敵ユニットに大ダメージを与える(ミニオンとエピック以外のモンスターに対してはダメージが低下)。,/img/spell/EzrealR.png
166,34,P,無害なカカシ,トリンケットが「身代わり人形」に置き換わる。,/img/spell/FiddlesticksP.png
167,34,Q,テラー,敵に見られていない状態からスキルで敵にダメージを与えるか、「テラー」の発動効果の対象に敵を指定すると、対象にフィアー効果を与えて一定時間逃走させる。,/img/spell/FiddleSticksQ.png
168,34,W,豊かな収穫,周囲の敵から体力を奪い、効果時間終了時に対象の減少体力に応じた追加ダメージを与える。,/img/spell/FiddleSticksW.png
169,34,E,刈り取り,一定範囲を鎌で斬りつけて、命中したすべての敵にスロウ効果を与える。また、範囲の中心にいた敵にはサイレンス効果を与える。,/img/spell/FiddleSticksE.png
170,34,R,クロウストーム,自身の周囲に凶暴なカラスの群れを集め、効果範囲内の敵ユニット全員に毎秒ダメージを与える。,/img/spell/FiddleSticksR.png
171,35,P,デュエリスト・ダンス,このチャンピオンの<keywordMajor>「急所」</keywordMajor>を特定している。<keywordMajor>「急所」</keywordMajor>を攻撃すると、自身は<healing>体力が回復</healing>して、<speed>移動速度</speed>が増加する。,/img/spell/Fiora_P.png
172,35,Q,ファント,指定地点に向かってダッシュし、移動した地点から一番近くにいる敵ユニットをレイピアで突いて、物理ダメージと通常攻撃時効果を与える。,/img/spell/FioraQ.png
173,35,W,リポスト,短時間自身への全ての攻撃を受け流し、指定方向に鋭い突きを行う。反撃が命中した最初の敵チャンピオンにスロウ効果を付与する。このスキルで移動妨害効果を無効化した場合、スロウ効果のかわりにスタン効果を付与する。,/img/spell/FioraW.png
174,35,E,ブレードワーク,次の2回の攻撃速度が増加し、追加効果が付与される。最初の攻撃は対象にスロウ効果を付与し、次の攻撃はクリティカルとなる。,/img/spell/FioraE.png
175,35,R,グランドチャレンジ,敵チャンピオンの「急所」を4カ所特定して、その近くにいる間は移動速度が増加する。4カ所の「急所」をすべて攻撃するか、敵チャンピオンが倒れるまでに「急所」を1 カ所以上攻撃していると、その後数秒間、自身と味方の体力を回復するフィールドが展開される。,/img/spell/FioraR.png
176,36,P,シーファイター,ユニットをすり抜け、すべてのダメージソースから受けるダメージを一定量軽減させる。,/img/spell/Fizz_P.png
177,36,Q,ウニトゲストライク,対象に向かって突進し反対側へ突き抜ける。命中した対象に魔法ダメージを与え、通常攻撃時効果を発動する。,/img/spell/FizzQ.png
178,36,W,シートライデント,自動効果で通常攻撃が敵を出血させ、数秒間かけて魔法ダメージを与える。発動すると次の通常攻撃を強化して追加ダメージを与え、少しの間だけその後の通常攻撃が強化される。,/img/spell/FizzW.png
179,36,E,プレイ/トリックスター,地面に槍を突き立て飛び上がった後、槍の上に器用に乗って敵から対象指定されなくなる。この状態からその場に着地、または再度ジャンプして別の指定地点に着地し範囲内の敵にダメージを与える。,/img/spell/FizzE.png
180,36,R,フィッシング,撒き餌として魚を1匹発射する。魚が命中した敵チャンピオンはスロウ状態になり周囲を魚が旋回する。短時間後、地面から巨大なサメが飛びだして対象をノックアップさせ、周囲の敵を横に跳ね飛ばす。命中した敵は全員魔法ダメージとスロウ効果を受ける。,/img/spell/FizzR.png
181,37,P,巨像の一撃,数秒毎に、通常攻撃が一定範囲に追加魔法ダメージを与える。,/img/spell/Galio_Passive.png
182,37,Q,戦の旋風,2つの突風を巻き起こす。突風同士は重なり合い、継続ダメージを与える巨大な竜巻となる。,/img/spell/GalioQ.png
183,37,W,デュランドの守り,防御の構えを取り移動速度が低下する。構えを解くと、周囲の敵ユニットにタウント効果とダメージを与える。,/img/spell/GalioW.png
184,37,E,正義の鉄拳,少し下がってから前方に突進し、最初に当たった敵チャンピオンをノックアップする。,/img/spell/GalioE.png
185,37,R,英雄降臨,味方1体の位置を着地点として指定し、範囲内のすべての味方に魔法ダメージを防ぐシールドを付与する。少ししてから、着地点に向かって落下し、周囲の敵をノックアップする。,/img/spell/GalioR.png
186,38,P,背水の銃剣,数秒毎に近接攻撃で敵に火を点ける。,/img/spell/Gangplank_Passive.png
187,38,Q,偽りの発砲,対象を撃ち抜き、そのユニットを倒すことでゴールドを奪うことができる。,/img/spell/GangplankQWrapper.png
188,38,W,壊血病治癒,オレンジをかじり、自身が受けている行動妨害効果を解消し、体力を回復する。,/img/spell/GangplankW.png
189,38,E,火薬樽,指定地点に火薬樽を設置する。火薬樽はガングプランクが攻撃すると爆発し、範囲内の敵にその攻撃と同じダメージを与え、スロウ効果を付与する。,/img/spell/GangplankE.png
190,38,R,一斉砲撃,海賊船に合図を送って指定したエリアを砲撃させ、効果範囲内の敵にスロウ効果とダメージを与える。,/img/spell/GangplankR.png
191,39,P,タフガイ,一定時間ダメージや敵のスキルを受けていなければ、毎秒最大体力の一定割合を回復する。,/img/spell/Garen_Passive.png
192,39,Q,断固たる一撃,自身にかけられたスロウ効果を解除し、移動速度が増加する。次の攻撃で敵の急所を斬りつけて追加ダメージを与え、サイレンス効果を付与する。,/img/spell/GarenQ.png
193,39,W,勇気の護り,自動効果: 敵ユニットを倒すたびに物理防御と魔法防御が増加する。<br><br>発動効果: 瞬間的にシールドと行動妨害耐性を獲得し、その後は軽減率が低下するものの、ダメージ軽減効果が長い時間持続する。,/img/spell/GarenW.png
194,39,E,ジャッジメント,高速で回転しながら剣を振り回し、周囲の敵に物理ダメージを与える。,/img/spell/GarenE.png
195,39,R,デマーシアの正義,デマーシア魂を燃え上がらせ、指定した敵チャンピオンに必殺の一撃を繰り出す。,/img/spell/GarenR.png
196,40,P,ぷんすこ,ナーは戦闘中に「怒り」が溜まっていく。「怒り」が最大の状態でスキルを使用するとメガナーに変身し、ステータスとスキルが変化する。,/img/spell/Gnar_Passive.png
197,40,Q,ブーメラン/ぽいっ,ナーが投げるブーメランは、命中した敵にダメージとスロウ効果を与える。戻ってきたブーメランをキャッチすると、クールダウンが短縮される。<br><br>メガナーは、ブーメランのかわりに岩石を投げる。敵に命中するとその場に落下して、付近の敵すべてにダメージとスロウ効果を与える。落ちた岩石を拾うとクールダウンが短縮される。,/img/spell/GnarQ.png
198,40,W,ごきげん/こてんぱん,ナーが通常攻撃とスキルで相手にマークをつけるようになる。マークがたまった敵を攻撃するとナーは興奮し、追加ダメージを与えて移動速度が増加する。<br><br>メガナーは興奮を通りこし、怒りが爆発する。片腕を目の前におもいきり振り下ろし、範囲内の敵ユニットにダメージを与えてスタン効果を付与する。,/img/spell/GnarW.png
199,40,E,ぴょんぴょん/ドーン！,ナーがジャンプする。ユニットの上に着地すると、頭の上をはねてさらに遠くまでジャンプする。<br><br>メガナーは体が大きすぎて弾まない。そのかわり、着地するときに体をたたきつけて衝撃波をうみだし、周囲の敵にダメージを与える。着地地点にいる敵にはスロウ効果を与える。,/img/spell/GnarE.png
200,40,R,ナー！,メガナーが周りのモノを根こそぎ指定方向へ投げ、命中した敵にダメージとスロウ効果を与える。投げられた敵が壁にぶつかるとスタン状態になり、追加ダメージを受ける。,/img/spell/GnarR.png
201,41,P,ハッピーアワー,一定時間ごとにスキル使用時に体力を回復する。,/img/spell/GragasPassiveHeal.png
202,41,Q,タル転がし,指定地点にタルを転がし、4秒後に爆発させる。タルは自分で起爆させることもできる。時間経過とともに爆発の威力が増加する。爆風を浴びた敵はスロウ状態になる。,/img/spell/GragasQ.png
203,41,W,飲みすぎ注意,最新の醸造酒を1秒間試飲し、飲み終えると騒々しく好戦的になる。効果時間中は受けるダメージが軽減され、次の通常攻撃で付近のすべての敵に魔法ダメージを与える。,/img/spell/GragasW.png
204,41,E,ボディスラム,指定方向へ突進し、最初に衝突した敵ユニットとその周囲の敵にダメージを与え、ノックバックとスタンを付与する。,/img/spell/GragasE.png
205,41,R,ワシの奢りじゃ！,指定地点にタルを放り投げる。着弾したタルは大爆発し、爆発範囲内の敵ユニットにダメージを与えてノックバックさせる。,/img/spell/GragasR.png
206,42,P,ニュー・デスティニー,ショットガンには独特の特性がある。弾を撃ち尽くしたらリロードが必要となる。通常攻撃は弾丸を4発発射する。弾丸はユニットを貫通しない。チャンピオン以外のユニットは、複数の弾丸が命中するとノックバックする。,/img/spell/GravesTrueGrit.png
207,42,Q,エンドライン,爆薬の詰まった弾を発射する。弾は発射してから1秒後、あるいは地形に当たると爆発する。,/img/spell/GravesQLineSpell.png
208,42,W,スモークスクリーン,指定地点に発煙弾を発射し、煙幕を発生させて範囲内の敵の視界を低下させる。着弾時の爆発に巻き込まれた敵は魔法ダメージを受け、一時的に移動速度が低下する。,/img/spell/GravesSmokeGrenade.png
209,42,E,クイックドロー,グレイブスが前方にダッシュして物理防御と魔法防御が数秒間増加する。敵チャンピオンに向かってダッシュすると、代わりに「確固たる信念」を2スタック獲得する。敵ユニットに通常攻撃を行うと、このスキルのクールダウンが短縮され、防御力増加時間が更新される。,/img/spell/GravesMove.png
210,42,R,コラテラルダメージ,強力な炸裂弾を発射して、最初に命中した敵チャンピオンに大ダメージを与える。弾は敵チャンピオンに命中するか、最大射程に達すると炸裂し、扇状の範囲内にいる敵にダメージを与える。,/img/spell/GravesChargeShot.png
211,43,P,裁断,通常攻撃が対象の体力に応じて追加魔法ダメージを与える。この効果でチャンピオンに与えたダメージの一定割合を体力として回復する。 ,/img/spell/Gwen_Passive.png
212,43,Q,チョキチョキッ！,ハサミで扇状の範囲を最大6回切りつけて魔法ダメージを与える。範囲の中心にいるユニットには確定ダメージを与え、切るたびに固有スキルの効果を適用する。,/img/spell/GwenQ.png
213,43,W,聖なる霧,霧を召喚して、霧の外にいる敵から身を守る。霧の中にいる敵からしか対象指定されない。,/img/spell/GwenW.png
214,43,E,スキップスラッシュ,短い距離をダッシュして数秒間、攻撃速度と射程が増加し、<OnHit>通常攻撃時効果</OnHit>で魔法ダメージを与える。効果時間中に通常攻撃を命中させた場合、このスキルのクールダウンが一定割合解消される。 ,/img/spell/GwenE.png
215,43,R,針仕事,針を投げ、命中した敵にスロウ効果と魔法ダメージを与えて、チャンピオンに命中した場合は「裁断」を適用する。<br><br>このスキルは最大2回まで再発動可能で、再発動するたびに投げる針の本数とダメージが増加する。 ,/img/spell/GwenR.png
216,44,P,ウォーパス,増加移動速度の一定割合と同量だけ攻撃力が増加する。,/img/spell/Hecarim_Passive.png
217,44,Q,ランページ,周囲の敵を斬りつけて物理ダメージを与える。1体以上の敵にダメージを与えた場合、それ以降に行う「ランページ」のダメージが増加して、クールダウンが短縮される。,/img/spell/HecarimRapidSlash.png
218,44,W,ソウルドレイン,物理防御と魔法防御を獲得する。また、周囲にいる敵に魔法ダメージを与えて、それらの敵が受けたあらゆるダメージの一定割合を体力として回復する。,/img/spell/HecarimW.png
219,44,E,チャージ,移動速度が短時間増加し、ユニットを通り抜けられるようになる。さらに次の通常攻撃に対象をノックバックする効果と、スキル発動後の移動距離に応じた追加物理ダメージが付与される。,/img/spell/HecarimRamp.png
220,44,R,スペクターズ・オンスロート,亡霊の騎士たちを召喚し、指定地点まで突撃して直線上の敵ユニットに魔法ダメージを与える。ヘカリムは到着と同時に衝撃波を放ち、付近の敵を恐怖に陥れて逃走させる。,/img/spell/HecarimUlt.png
221,45,P,ヘクステックの親和性,味方のタワーまたは自身が配置した砲台の近くにいると移動速度が増加する。,/img/spell/Heimerdinger_Passive.png
222,45,Q,H-28G革新砲,砲台を設置する。砲台は通常攻撃だけでなく、一定時間ごとに貫通レーザーを発射する(タワーに対して与えるダメージは半減する)。,/img/spell/HeimerdingerQ.png
223,45,W,ヘクステック小型ロケット,指定地点へ向け、長射程のロケット弾を5発発射する。,/img/spell/HeimerdingerW.png
224,45,E,CH-2超電磁グレネード,指定地点にグレネード弾を投げ、敵ユニットにダメージを与える。さらに中心で直撃した敵をスタンさせ、周囲の敵にスロウを与える。,/img/spell/HeimerdingerE.png
225,45,R,アップグレード！！！,天才的なひらめきによってアップグレードを開発し、次に発動するスキルを強化できる。,/img/spell/HeimerdingerR.png
226,46,P,夢想家の銘,スキルで敵チャンピオンにダメージを与えると、最後の仕上げとなるサインを施せるよう、対象を下塗りする。<br><br>2つ目の攻撃スキルを敵に命中させるとサインが完成し、対象の足元に残る。少しするとサインは爆発し、範囲内のすべての敵に魔法ダメージを与える。,/img/spell/HweiPassive.png
227,46,Q,題材: 厄災,終わりなき厄災を思い描き、壊滅的な一撃を描く力を得る。<br><br>このスキルは、フェイのスキルを攻撃スキル「荒廃の炎」、「断ち切る稲妻」、「沸き立つ大地」に置き換える。,/img/spell/HweiQ.png
228,46,W,題材: 静謐,終わりなき静穏を思い描き、爽快な作品を描く力を得る。<br><br>このスキルは、フェイのスキルを補助系スキル「流るる蒼」、「内省の泉」、「迸る光彩」に置き換える。,/img/spell/HweiW.png
229,46,E,題材: 苦悩,終わりなき苦悩を思い描き、支配欲に満ちた表情を描く力を得る。<br><br>このスキルは、フェイのスキルを行動妨害スキル「恐怖の形相」、「深淵の眼差し」、「粉砕の牙」に置き換える。,/img/spell/HweiE.png
230,46,R,絶望の渦,純粋なる絶望のビジョンを描く。最初に命中した敵チャンピオンが拡大する絵画の中心となり、周囲の敵にスロウ効果とダメージを与える。ビジョンは最大サイズに達するか、最初に命中したチャンピオンがデスすると爆発する。,/img/spell/HweiR.png
231,47,P,旧神の預言者,イラオイと、イラオイに<font color='#669900'>「器」</font>にされた者は、周囲の地形に一定時間ごとに触手を発生させる。触手は魂、<font color='#669900'>「器」</font>、イラオイの「過酷なる教訓」をくらった者を攻撃する。触手は命中すると敵に物理ダメージを与え、敵チャンピオンにダメージを与えた場合はイラオイを回復する。,/img/spell/Illaoi_P.png
232,47,Q,触手の鉄槌,触手の与ダメージが増加する。発動すると、触手を叩きつけて物理ダメージを与える。,/img/spell/IllaoiQ.png
233,47,W,過酷なる教訓,次の通常攻撃で対象に飛びかかって偶像で殴りつけ、物理ダメージを与える。周囲の触手にも対象を攻撃させる。,/img/spell/IllaoiW.png
234,47,E,魂の試練,偶像から触手を伸ばし、敵の肉体から魂を引きずり出して、自身の前に立たせる。魂は受けたダメージから一定の割合を、本体に反映させる。魂がキルされるか本体が遠く離れた場合、対象は<font color='#669900'>「器」</font>となり、その周囲に触手が発生するようになる。,/img/spell/IllaoiE.png
235,47,R,信仰震,偶像を地面に叩きつけて衝撃波を生み出し、周囲の敵に物理ダメージを与える。命中した敵チャンピオン1体ごとに、触手が1本発生する。,/img/spell/IllaoiR.png
236,48,P,アイオニアの熱情,敵にスキルを当てるとスタックを獲得する。スタック数に応じて増加攻撃速度を獲得し、最大スタックになると通常攻撃時に追加ダメージを付与する。,/img/spell/Irelia_Passive.png
237,48,Q,瞬刃,前方にダッシュして対象を攻撃し、自身の体力を回復する。これによって対象をキルするか、対象がマークされていた場合は、「瞬刃」のクールダウンが解消される。,/img/spell/IreliaQ.png
238,48,W,不屈の舞,チャージ攻撃を行う。チャージ時間が長いほど、与えるダメージが増加する。チャージ中は被物理ダメージが減少する。,/img/spell/IreliaW.png
239,48,E,無欠の連舞,2枚の刃を飛ばす。これらの刃は互いの方向に飛んで収束する。2枚の刃に挟まれた敵はダメージとスタン効果を受けてマークされる。,/img/spell/IreliaE.png
240,48,R,先陣の刃,大量の刃を飛ばす。刃は敵チャンピオンに当たると放射状に広がり、当たった敵はダメージを受けてマークされる。その後、刃が壁を形成し、この壁を越えた敵はダメージとスロウ効果を受ける。,/img/spell/IreliaR.png
241,49,P,モリノトモダチ,アイバーンはエピック以外のモンスターに対して、攻撃することも攻撃されることもない。ジャングルキャンプに時間が経つことで成長する小さな魔法の森を作ることができる。小さな森が完全に成長すると、モンスターを逃がしてゴールドと経験値を獲得できる。,/img/spell/IvernP.png
242,49,Q,ネッコナゲ,魔法の根を飛ばし、命中した敵ユニットにダメージを与えてスネア状態にする。味方はスネア状態になった敵に向かってダッシュできる。,/img/spell/IvernQ.png
243,49,W,シゲミヅクリ,茂みの中にいると、自身および周囲の味方の通常攻撃が追加魔法ダメージを与える。このスキルを発動すると茂みを作り出せる。,/img/spell/IvernW.png
244,49,E,タネバクダン,味方にシールドを付与する。少しすると爆発して、周囲の敵にスロウ効果とダメージを与える。敵に命中しなかった場合は、シールドがリフレッシュされる。,/img/spell/IvernE.png
245,49,R,デイジー！,守護者である友達のデイジーを召喚して、一緒に戦わせる。再発動するとデイジーに攻撃または移動を指示できる。,/img/spell/IvernR.png
246,50,P,テイルウィンド,ジャンナに向かって移動する際、味方チャンピオンは移動速度が増加する。<br><br>通常攻撃時効果および「ゼファー」で、増加移動速度の一定割合にあたる追加魔法ダメージを与える。,/img/spell/JannaP.png
247,50,Q,ハウリングゲイル,大気を操り、小さな竜巻を生み出す。竜巻は時間とともに成長し、時間がたつか再度このスキルを使うことで指定方向へ直進して、進路上の敵ユニットにダメージとノックアップを与える。,/img/spell/HowlingGale.png
248,50,W,ゼファー,風の精霊を召喚し、自動効果として移動速度が増加すると同時に、ユニットをすり抜けるようになる。発動すると対象に風の精霊を飛ばして、ダメージとスロウ効果を与える。,/img/spell/SowTheWind.png
249,50,E,ストームブレス,対象に魔法の風を呼び寄せる。風はシールドとなって味方チャンピオンやタワーをダメージから守ると同時に、攻撃力を増加させる。,/img/spell/EyeOfTheStorm.png
250,50,R,モンスーン,魔法の嵐に包まれ、周囲の敵を吹き飛ばす。その後詠唱を続け、癒しの風によって範囲内の味方の体力を回復する。,/img/spell/ReapTheWhirlwind.png
251,51,P,武魂の律動,最初の通常攻撃が命中する際、対象の現在体力に応じた追加物理ダメージを与えるが、同一の敵に対しては数秒間に一度しか発動できない。,/img/spell/JarvanIVP.png
252,51,Q,ドラゴンストライク,槍を伸ばして貫通した敵ユニットに物理ダメージを与え、物理防御を低下させる。さらに「デマーシアの旗印」にこのスキルが命中した場合、自身をそこまで引き寄せ、通り道にいた敵をノックアップさせる。,/img/spell/JarvanIVDragonStrike.png
253,51,W,ゴールデンイージス,デマーシアの歴代王の力を借りて、ダメージを防ぐシールドを発生させ、周囲の敵にスロウを与える。,/img/spell/JarvanIVGoldenAegis.png
254,51,E,デマーシアの旗印,デマーシアの誇りを胸に抱き、自動効果で攻撃速度が増加するようになる。発動すると指定地点にデマーシア軍の旗を投げ、地面に突き刺さると同時に魔法ダメージを与える。この旗は味方を鼓舞し、自身を含む味方チャンピオンの攻撃速度が、自動効果と同じ分だけ増加する。,/img/spell/JarvanIVDemacianStandard.png
255,51,R,決戦場,ジャーヴァンⅣが対象に向かって雄々しく跳躍して、物理ダメージを与える。着地と同時に猛烈な力で地面を踏みつけ、周囲の地形を変化させて対象を囲い込む。周囲の敵も着地時にダメージを受ける。,/img/spell/JarvanIVCataclysm.png
256,52,P,アサルトアタック,ジャックスは通常攻撃ごとにスタックが溜まり、そのスタック数に応じて攻撃速度が増加する。,/img/spell/Armsmaster_MasterOfArms.png
257,52,Q,リープストライク,対象のユニットに跳躍し、敵ユニットの場合は武器で攻撃する。,/img/spell/JaxQ.png
258,52,W,パワーバッシュ,武器に力を込め、次の攻撃で追加ダメージを与える。,/img/spell/JaxW.png
259,52,E,カウンターストライク,短時間、その卓越した戦闘技術を用いてあらゆる通常攻撃を回避した後、すばやく反撃に転じて、周囲の敵ユニットにスタン効果を付与する。,/img/spell/JaxE.png
260,52,R,ウェポングランドマスター,3回連続して通常攻撃を行うたびに、追加魔法ダメージを与える。また、このスキルを発動すると周囲にダメージを与え、決意を固めて短時間、物理防御と魔法防御が増加する。,/img/spell/JaxR.png
261,53,P,ヘクステック・コンデンサー,武器を切り替えると少しの間移動速度が増加する。,/img/spell/Jayce_Passive.png
262,53,Q,スカイバスター/ショックブラスト,ハンマーモード: 敵に飛びかかって物理ダメージとスロウ効果を与える。<br><br>キャノンモード: 電流の玉を発射し、敵に命中するか最大射程に達すると爆発して、範囲内の敵ユニットに物理ダメージを与える。,/img/spell/JayceToTheSkies.png
263,53,W,ライトニング/ハイパーチャージ,ハンマーモード: <br>自動効果: 攻撃のたびにマナが回復する。<br>発動効果: 雷のフィールドを発生させ、周囲の敵に数秒間ダメージを与える。<br><br>キャノンモード: 爆発的なエネルギーを得て、次の数回の攻撃速度が最大まで増加する。,/img/spell/JayceStaticField.png
264,53,E,サンダーブロー/アクセルゲート,ハンマーモード: 敵に魔法ダメージを与え、わずかに突き飛ばす。<br><br>キャノンモード: そこを通過したすべての味方チャンピオンの移動速度が増加する「アクセルゲート」を配備する。「ショックブラスト」が「アクセルゲート」を通過すると、弾速、射程、ダメージが増加する。,/img/spell/JayceThunderingBlow.png
265,53,R,マーキュリーキャノン/マーキュリーハンマー,ハンマーモード: 「マーキュリーハンマー」が「マーキュリーキャノン」に切り替わり、スキルが変化すると同時に射程距離が広がる。モード変更後の最初の一撃には、対象の物理防御と魔法防御を低下させる効果がつく。<br><br>キャノンモード: 「マーキュリーキャノン」が「マーキュリーハンマー」に切り替わり、変化と同時に物理防御と魔法防御が増加する。モード変更後の最初の一撃には魔法ダメージが追加される。,/img/spell/JayceStanceHtG.png
266,54,P,この銃の名は｢囁き｣,ジンの「囁き」は極めて精密に作られた銃である。弾倉は4発、一定の速度でしか発射できないが、最後の弾丸に黒魔術による特殊な効果が生まれ、クリティカル及び減少体力に応じた追加ダメージが発生する。また、クリティカルが発生すると自身の移動速度が増加する。,/img/spell/Jhin_P.png
267,54,Q,｢爆ぜ狂う果実｣,指定した敵ユニットに特殊なグレネードを放り投げる。グレネードは最大4体まで敵ユニットの上を跳ねながらダメージを与え、ユニットを倒すたびに与えるダメージが増加する。,/img/spell/JhinQ.png
268,54,W,｢死者への狂奏曲｣,持っている杖から長射程の弾丸を1発発射する。この弾はミニオンおよびモンスターを貫通するが、敵チャンピオンは貫通しない。命中した対象がその前に味方チャンピオン、「女神の足跡」、またはジンからのダメージを受けていた場合、スネア効果を付与する。,/img/spell/JhinW.png
269,54,E,｢女神の抱擁｣,指定地点に、敵ユニットが上を通過すると花開く「女神の足跡」を設置する。「女神の足跡」は発動すると範囲内の敵ユニットをスロウ状態にし、その後爆発して魔法ダメージを与える。<br><br><font color='#FFFFFF'>「死とは、かくも美しい…」 -</font> ジンが敵チャンピオンをキルすると、そのユニットの上で「女神の足跡」が発動し爆発する。,/img/spell/JhinE.png
270,54,R,｢終演 -フィナーレ-｣,詠唱とともに「囁き」と手に持った杖を合体させ、長銃へと変形させる。発射される4発の特殊な弾丸は非常に長い射程距離を持ち、ミニオンおよび中立モンスターを貫通して発射する事ができるが、敵チャンピオンを貫通しない。命中した敵に減少体力に応じたダメージを与え、スロウ効果を付与する。最高の技術で大胆かつ繊細に作り上げられた4発目は、より大きな威力を秘めており確実にクリティカルが発生する。,/img/spell/JhinR.png
271,55,P,超エキサイティン！,敵チャンピオン、エピックジャングルモンスター、建造物のキルまたは破壊に貢献すると、移動速度と攻撃速度が大幅に増加する。,/img/spell/Jinx_Passive.png
272,55,Q,スイッチング！,スキルを使用するたび、通常攻撃が「パウパウガン」(ミニガン)と「フィッシュボーン」(ロケットランチャー)の間で切り替わる。「パウパウガン」で敵を攻撃し続けると攻撃速度が増加する。「フィッシュボーン」は射程が長く、範囲ダメージを発生させることができるが、攻撃速度が低下してマナを消費するようになる。,/img/spell/JinxQ.png
273,55,W,シビレーザー！,スタンガンの一種であるシビレーザーを発射する。最初に命中した敵にダメージとスロウ効果を与え、さらに可視状態にする。,/img/spell/JinxW.png
274,55,E,パックンチョッパー！,一列にならんだ爆雷を3個投げる。敵チャンピオンが爆雷に触れるとトラップが起動してスネア効果を与える。爆雷は触れられなくても5秒後に自動的に爆発し、周囲にいる敵にダメージを与える。,/img/spell/JinxE.png
275,55,R,スーパーメガデスロケット！,指定方向にどこまでも直進してゆくスーパーメガデスロケットを発射する。<br>発射したロケット弾が敵チャンピオンに命中すればその場で爆発し、周囲の敵にもダメージを与える。ダメージは敵の現在体力が少ないほど威力が増加する。,/img/spell/JinxR.png
276,56,P,不屈の本能,スキルが対象をマークする。マークされた対象への次の通常攻撃は、与えるダメージが増加する。<br><br>「オールアウト」中はあらゆる通常攻撃とスキルが与えるダメージが増加する。,/img/spell/Icons_KSante_P.png
277,56,Q,破撃のエントーフォ,武器を叩きつけ、短い直線上にいた敵にダメージとスロウ効果を与える。<br><br>命中時に「破撃のエントーフォ」のスタックを獲得する。2スタックになると衝撃波を放って、敵を自身の方向に引き寄せる。<br><br>「オールアウト」中はクールダウンが短縮される。,/img/spell/KSanteQ.png
278,56,W,切り開く猛進,被ダメージを軽減させながらチャージし、その後ダッシュして敵をノックバックしてスタンさせる。<br><br>「オールアウト」中は与ダメージが増加するが、ノックバックとスタンを与えなくなる。,/img/spell/KSanteW.png
279,56,E,辰砂の足取り,ダッシュしてシールドを獲得する。味方を対象にした場合は距離が増加し、自身と味方の両方がシールドを獲得する。<br><br>「オールアウト」中はクールダウンが短縮され、速度が増加する。,/img/spell/KSanteE.png
280,56,R,オールアウト,敵をノックバックし、敵は通り道のあらゆる壁を通り抜けて弾き飛ばされる。その後、自身は「オールアウト」状態になり、その敵をダッシュして追いかけ、防御力が低下する代わりにダメージと体力回復量が大幅に増加し、スキルが変化する。,/img/spell/KSanteR.png
281,57,P,ヴォイドスキン,カイ＝サの通常攻撃はプラズマスタックを付与し、スタック数に応じて与える追加魔法ダメージが増加していく。味方の移動不能効果もプラズマスタックを付与する。さらに、アイテム購入によってアルティメット以外のスキルがアップグレードされる。,/img/spell/Kaisa_Passive.png
282,57,Q,イカシアの雨,多数のミサイルを乱射する。ミサイルは周囲の敵を追尾する。<br><br>共生兵器: 「イカシアの雨」がアップグレードされて、ミサイル数が増加する。,/img/spell/KaisaQ.png
283,57,W,ヴォイドシーカー,遠距離ミサイルを発射して、命中した敵にプラズマスタックを付与する。<br><br>共生兵器: 「ヴォイドシーカー」がアップグレードされて、付与するスタック数が増加し、チャンピオンに当たるとクールダウンが短縮されるようになる。,/img/spell/KaisaW.png
284,57,E,スーパーチャージ,一時的に移動速度が増加し、その後攻撃速度が増加する。<br><br>共生兵器: 「スーパーチャージ」がアップグレードされて、一時的にインビジブル状態を獲得できるようになる。,/img/spell/KaisaE.png
285,57,R,キラーヴォイド,敵チャンピオンの近くまでダッシュする。,/img/spell/KaisaR.png
286,58,P,戦の所作,通常攻撃または「貫魂の一投」の準備アクション中に移動指示を出すと、攻撃時にその方向へ跳躍して移動する。,/img/spell/Kalista_Passive.png
287,58,Q,貫魂の一投,高速で飛ぶ槍を投げる。命中した敵の体力がゼロになると、槍がその敵を貫通する。,/img/spell/KalistaMysticShot.png
288,58,W,執念の霊魂,カリスタと「魂盟の同志」が同じ対象を攻撃すると追加ダメージを与える。<br><br>スキルを発動すると霊魂を飛ばして周辺を偵察させ、霊魂の前方エリアを可視状態にする。,/img/spell/KalistaW.png
289,58,E,引き裂く遺恨,通常攻撃するたびに、対象に槍の幻影が残る。発動すると槍の幻影が炸裂し、対象に刺さった槍の本数に比例するダメージを与え、スロウ効果を付与する。,/img/spell/KalistaExpungeWrapper.png
290,58,R,宿命の呼び声,「魂盟の同志」を強制的に自身の近くに吸い寄せる。カリスタの元に吸い寄せられた「魂盟の同志」は自分で指定した地点に突撃でき、範囲内にいる敵ユニットをわずかにノックバックさせる。,/img/spell/KalistaRx.png
291,59,P,寄せ火,自身の攻撃スキルが「マントラ」のクールダウンを短縮する。,/img/spell/Karma_Passive.png
292,59,Q,心炎,精神の炎を解き放ち、敵に命中すると爆発してダメージを与える。<br><br>マントラボーナス: 爆発の威力が増し、さらに対象の足下に力場を発生させて範囲内に時間差でダメージを与える。,/img/spell/KarmaQ.png
293,59,W,魂縛,自身と標的を鎖でつなぎダメージを与え、ステルス状態を見破る。効果終了時まで鎖が破壊されなければ、敵はその場でスネア状態となり再びダメージを受ける。<br><br>マントラボーナス: 鎖が強化され自身の体力を回復し、敵に与えるスネア状態の効果時間が延長される。,/img/spell/KarmaSpiritBind.png
294,59,E,激励,指定した味方ユニットにシールドを付与し、ダメージから守ると同時に移動速度を増加させる。<br><br>マントラボーナス: 対象からエネルギーが放射され、初期シールドを強化し、周囲にいる味方チャンピオンにも「激励」の効果を付与する。,/img/spell/KarmaSolKimShield.png
295,59,R,マントラ,カルマが次に使用するスキルを強化し追加効果を付与する。<br>「マントラ」はレベル1から使用でき、スキルポイントを必要としない。,/img/spell/KarmaMantra.png
296,60,P,怨嗟の叫び,カーサスは死亡すると同時に霊体化し、その場でスキルを発動できるようになる。,/img/spell/Karthus_Passive.png
297,60,Q,根絶やし,指定地点を時間差で爆発させ、周囲の敵にダメージを与える。命中した敵が1体の場合は与えるダメージが増加する。 ,/img/spell/KarthusLayWasteA1.png
298,60,W,嘆きの壁,エネルギーを搾取する霊的な壁を出現させ、そこを通り抜けた敵の移動速度と魔法防御を一定時間低下させる。,/img/spell/KarthusWallOfPain.png
299,60,E,冒涜,自動効果として、カーサスが倒した敵から生気を奪いマナを回復する。<br>発動すると自身の周囲に倒した獲物の魂を召喚し、範囲内の敵にダメージを与えるがマナを著しく消耗する。,/img/spell/KarthusDefile.png
300,60,R,鎮魂歌,3秒間の詠唱後、マップ中の敵ユニットチャンピオンにダメージを与える。,/img/spell/KarthusFallenOne.png
301,61,P,ヴォイドストーン,受ける魔法ダメージが減少し、ユニットをすり抜けられるようになる。,/img/spell/Kassadin_Passive.png
302,61,Q,ヴォイドスフィア,指定した対象にヴォイドエネルギーの球体を発射してダメージを与え、詠唱を妨害する。<br>さらに余ったエネルギーがカサディンを包み込み、短時間魔法ダメージを防ぐシールドを発生させる。,/img/spell/NullLance.png
303,61,W,ネザーブレード,自動効果: 通常攻撃に追加魔法ダメージが付与される。<br><br>発動効果: 次の通常攻撃に強烈な追加魔法ダメージが付与され、敵に命中するとマナが回復する。,/img/spell/NetherBlade.png
304,61,E,ヴォイドパルス,自身の付近でスキルが使用されると、そのエネルギーを「ヴォイドパルス」にスタックする。スタックが溜まると同時に「ヴォイドパルス」が発動可能になり、使用すると扇状の範囲内の敵にダメージを与え、スロウ効果を付与する。,/img/spell/ForcePulse.png
305,61,R,リフトウォーク,近くの地点に瞬間移動し、付近の敵ユニットにダメージを与える。連続して使うとマナコストが増加するが、同時に与えるダメージも増えていく。,/img/spell/RiftWalk.png
306,62,P,貪欲なる暗殺者,自身がダメージを与えた敵チャンピオンがその直後にキルされると、自身の全スキルのクールダウンが大幅に短縮する。<br><br>自身が<font color='#FFF673'>「短剣」</font>を拾うと、周囲の敵を斬りつけて魔法ダメージを与える。,/img/spell/Katarina_Passive.png
307,62,Q,バウンドナイフ,カタリナが対象に向けて敵から敵へと飛び跳ねる<font color='#FFF673'>「短剣」</font>を投げる。<font color='#FFF673'>「短剣」</font>は最後に地面に落ちる。,/img/spell/KatarinaQ.png
308,62,W,プリペレーション,少しの間だけカタリナの移動速度が大幅に増加し、<font color='#FFF673'>「短剣」</font>を頭上に放り投げる。,/img/spell/KatarinaW.png
309,62,E,瞬歩,対象の地点へブリンクする。対象が敵ユニットなら攻撃し、そうでない場合はもっとも近くにいる敵ユニットを攻撃する。,/img/spell/KatarinaEWrapper.png
310,62,R,デスロータス,刃の嵐と化し、周囲の敵チャンピオン(最大3人)に目にもとまらぬ速さで短剣を投げて強大な魔法ダメージを与える。,/img/spell/KatarinaR.png
311,63,P,聖なる上昇,レベルアップしてスキルポイントを使用すると、通常攻撃が天界の力により強化されていく。強化段階にしたがってケイルの翼が炎を帯び、攻撃速度、移動速度、射程距離、通常攻撃時の炎の波動が強化される。,/img/spell/Kayle_P.png
312,63,Q,裁きの射光,次元の門を作り出し、敵を貫通する天界の剣を召喚する。この剣は命中するごとに敵にダメージを与え、スロウ効果を付与し、防御力を低下させる。,/img/spell/KayleQ.png
313,63,W,天の祝福,神の祝福によって自身と近くの味方チャンピオン1体の体力を回復し、移動速度を上昇させる。,/img/spell/KayleW.png
314,63,E,星炎の刃,自動効果: 手にした天界の剣で通常攻撃時に追加魔法ダメージを与える。<br><br>発動効果: 次の通常攻撃で対象を天界の炎で打ち抜き、その対象の減少体力に比例した追加ダメージを与える。,/img/spell/KayleE.png
315,63,R,聖なる審判,味方チャンピオンを無敵状態にし、前代の「正義の神髄」の力を借りて対象の周囲を聖なる剣の雨で浄化する。,/img/spell/KayleR.png
316,64,P,緋眼の大鎌,ケインは自我を持つダーキンの古代武器ラーストを用いており、両者は常に互いの支配権をかけて争っている。この戦いは<font color='#fe5c50'>ダーキン</font>がケインを取り込むか、ケインがラーストを使いこなし<font color='#8484fb'>影の暗殺者</font>となるまで続く。<br><br><font color='#fe5c50'>ダーキン:</font> 敵チャンピオンにスキルで与えたダメージの一定割合にあたる体力を回復する。<br><br><font color='#8484fb'>影の暗殺者:</font> 敵チャンピオンと戦闘開始直後の数秒間、追加ダメージを与える。,/img/spell/Kayn_Passive_Primary.png
317,64,Q,飛影斬,ダッシュしてから斬りつける。その両方でダメージを与える。,/img/spell/KaynQ.png
318,64,W,刃影襲,直線上にいる敵にダメージとスロウ効果を与える。,/img/spell/KaynW.png
319,64,E,影抜き,ケインが地形を無視して歩くことができる。,/img/spell/KaynE.png
320,64,R,真影侵壊,敵の体の中に侵入して、出てくる時に大ダメージを与える。,/img/spell/KaynR.png
321,65,P,嵐の刻印,スキルを3回命中させた敵をスタンさせる。,/img/spell/Kennen_Passive.png
322,65,Q,雷遁手裏剣,ケネンが狙った場所に手裏剣を連投し、命中した敵ユニットにダメージと「嵐の刻印」を与える。,/img/spell/KennenShurikenHurlMissile1.png
323,65,W,稲妻の奔流,自動効果: ケネンの数回ごとの攻撃が、対象に追加ダメージと「嵐の刻印」を与えるようになる。<br><br>発動効果: 周囲の刻印を受けている対象にダメージを与え、 新たに「嵐の刻印」を付与する。,/img/spell/KennenBringTheLight.png
324,65,E,疾風迅雷,稲妻と化したケネンがユニットをすり抜け、接触したユニットに「嵐の刻印」を与える。この形態になるときに移動速度が増加し、この形態から抜けるときには攻撃速度が増加する。,/img/spell/KennenLightningRush.png
325,65,R,雷撃の大嵐,ケネンが雷雲を召喚し、周囲にいる敵チャンピオンに魔法ダメージを与える。,/img/spell/KennenShurikenStorm.png
326,66,P,見えざる脅威,味方から<font color='#FFF673'>「孤立」</font>している周囲の敵ユニットをマークする。カ＝ジックスのスキルは<font color='#FFF673'>「孤立」</font>している対象が相手だと変化する。<br><br>敵の視界から消えるとカ＝ジックスは「見えざる脅威」を獲得し、次の通常攻撃で敵チャンピオンに追加魔法ダメージを与え、移動速度を数秒間、低下させる。,/img/spell/Khazix_P.png
327,66,Q,甘美なる恐怖,対象に物理ダメージを与える。<font color='#FFF673'>「孤立」</font>している対象にはダメージが増加する。<font color='#00DD33'>「死鎌の進化」</font>が完了している場合は、<font color='#FFF673'>「孤立」</font>している対象に使用するとクールダウンの一定割合が戻される。また、通常攻撃と「甘美なる恐怖」の射程が延びる。,/img/spell/KhazixQ.png
328,66,W,ヴォイドの刺棘,爆発する棘を発射して、命中した敵ユニットに物理ダメージを与える。カ＝ジックスが爆発範囲内にいた場合は体力が回復する。<font color='#00DD33'>「刺棘の進化」</font>が完了している場合は、扇状に棘の塊が3つ発射され、命中した敵ユニットにはスロウ効果を与え、敵チャンピオンに命中した場合は2秒間可視状態になる。<font color='#FFF673'>「孤立」</font>した対象にはスロウ効果が強化される。,/img/spell/KhazixW.png
329,66,E,リープ,カ＝ジックスが指定地点へと跳躍し、着地と同時に物理ダメージを与える。<font color='#00DD33'>「翅の進化」</font>を選択した場合は、「リープ」の飛距離が200延びて、敵チャンピオンのキルまたはアシストでクールダウンが解消する。,/img/spell/KhazixE.png
330,66,R,捕食の本能,自動効果: スキルレベルが上がるたびにスキルを1つ進化させ、特殊な効果を追加できる。<br>発動効果: カ＝ジックスが<font color='#91d7ee'>インビジブル</font>状態になり、「見えざる脅威」が発動して移動速度が増加する。<font color='#00DD33'>「適応擬態の進化」</font>が完了している場合は、「捕食の本能」の<font color='#91d7ee'>インビジブル</font>の効果時間と使用回数が増加する。,/img/spell/KhazixR.png
331,67,P,キンドレッドの刻印,獲物とする対象に印を付ける。印をつけた獲物を狩ることで、通常スキルを恒常的に強化する。獲物を4体狩るごとに、通常攻撃の射程も強化される。,/img/spell/Kindred_Passive.png
332,67,Q,矢の輪舞,素早く移動し、周囲の対象に最大3本の矢を放つ。,/img/spell/KindredQ.png
333,67,W,狼の激昂,狼が猛り、周囲の敵に攻撃を繰り出す。子羊は自動効果により移動と通常攻撃でスタックを獲得する。チャージが完了すると子羊の次の攻撃で体力が回復する。,/img/spell/KindredW.png
334,67,E,忍び寄る恐怖,子羊が対象に狙いを定めて攻撃し、スロウ効果を与える。子羊が同じ対象をさらに2回攻撃すると、その次の攻撃で狼が代わりに襲撃して大ダメージを与える。,/img/spell/KindredEWrapper.png
335,67,R,羊の執行猶予,子羊が展開した効果範囲内にいるすべての生命は死から免れる。効果時間中は誰も倒されることはない。効果時間終了時に全ユニットの体力が一定数回復する。,/img/spell/KindredR.png
336,68,P,弱虫トカゲ「スカール」,クレッドが彼の信頼する愛馬、スカールに騎乗している時は、クレッドの代わりにスカールがダメージを受けてくれる。スカールの体力がなくなるとクレッドはスカールから降ろされる。<br><br>非騎乗時はクレッドのスキルが変化して敵チャンピオンに与えるダメージが減少する。クレッドは敵と交戦することでスカールの「勇気」を回復できる。「勇気」が最大になると、クレッドは再び騎乗してスカールの体力を獲得する。,/img/spell/Kled_P.png
337,68,Q,トラバサミロープ,ダメージを与えるトラバサミを投げて、敵チャンピオンに引っ掛ける。引っ掛かった状態を少しの間維持すると、対象に追加物理ダメージを与えて自身の方向に引き寄せる。<br><br>非騎乗時では、このスキルは「ポケットピストル」に変化する。これは銃を発砲する遠隔攻撃で、反動で自らを後方に飛ばし、「勇気」を回復する。,/img/spell/KledQ.png
338,68,W,狂暴の宴,次の4回の通常攻撃を繰り出す速度が大きく増加する。4回目の通常攻撃はダメージが増加する。,/img/spell/KledW.png
339,68,E,ジャウスト,ダッシュして物理ダメージを与え、一時的に移動速度が増加する。スキルを再使用すると、最初に攻撃した対象にダッシュで戻り、初回と同量のダメージを与える。,/img/spell/KledE.png
340,68,R,チャァァァァァァァジ！！！,クレッドとスカールが指定した位置に突撃してシールドを獲得し、通り道に移動速度を増加させる効果を残していく。スカールは最初に遭遇した敵チャンピオンにロックオンして体当たりする。,/img/spell/KledR.png
341,69,P,イカシアの自爆,倒されてから4秒後、コグ＝マウは爆発して周囲の敵に確定ダメージを与える。,/img/spell/KogMaw_IcathianSurprise.png
342,69,Q,腐食粘液,苛性の粘液を飛ばし、対象に魔法ダメージを与え、物理防御と魔法防御を短時間低下させる。さらにコグ＝マウの攻撃速度が増加する。,/img/spell/KogMawQ.png
343,69,W,有機性魔力砲,通常攻撃の射程距離が増加し、対象の最大体力に比例した魔法ダメージを与える。,/img/spell/KogMawBioArcaneBarrage.png
344,69,E,ヴォイド分泌液,敵を貫通する謎の粘液を発射し、命中した敵ユニットにダメージを与える。粘液は通過したエリアにしばらく残り、踏んだ敵にスロウ効果を付与する。,/img/spell/KogMawVoidOoze.png
345,69,R,生体空撃砲,射程の長い砲弾を発射して魔法ダメージ (体力が低い敵には大幅に増加) を与えるとともに、敵を可視状態にする。ただし、ステルス状態の敵の位置を把握することはできない。このスキルを短時間で連発すると、消費マナが増加する。,/img/spell/KogMawLivingArtillery.png
346,70,P,鏡像,自身の体力が40%を下回ると1秒間インビジブル状態になり、「鏡像」を発生させる。「鏡像」はダメージを与えず、最大8秒間持続する。,/img/spell/LeblancP.Leblanc_Rework.png
347,70,Q,シジルマリス,刻印を飛ばし、対象にダメージを与えて3.5秒間マークする。マークした対象にスキルでダメージを与えると、刻印が爆発して追加ダメージを与える。どちらかのダメージで対象をキルした場合、マナコストが回復して、このスキルの残りクールダウンの一部が短縮される。,/img/spell/LeblancQ.png
348,70,W,ディストーション,指定地点にすばやく移動し、周囲の敵にダメージを与える。4秒以内にこのスキルを再使用すると、最初の位置に戻ることができる。,/img/spell/LeblancW.png
349,70,E,エーテルチェイン,鎖の幻影を放ち、最初に当たった敵を鎖で繋ぐ。1.5秒間繋いだままにすると、追加ダメージとスネアを与える。,/img/spell/LeblancE.png
350,70,R,再演,選択した通常スキルの偽バージョンを使用する。,/img/spell/LeblancR.png
351,71,P,練気,スキル使用後、次の通常攻撃2回の攻撃速度が増加し、それぞれ気を回復する。,/img/spell/LeeSinPassive.png
352,71,Q,響掌/共鳴撃,響掌: 敵の位置を探るひずんだ音波を発射して、最初に当たった敵に物理ダメージを与える。また、命中してから3秒間は「共鳴撃」を発動できる。<br><br>共鳴撃: 「響掌」が命中した敵に素早く接近し、対象の減少体力に応じた物理ダメージを与える。,/img/spell/LeeSinQOne.png
353,71,W,守りの型/鉄の意志,守りの型: 指定した味方に素早く接近し、シールドを出現させてダメージから自身を守る。接近した相手が味方チャンピオンの場合、自身と相手を両方シールドで保護する。また、使用後は「鉄の意志」を発動できる。<br>鉄の意志: 厳しい修行の成果により、オムニヴァンプを獲得する。,/img/spell/LeeSinWOne.png
354,71,E,破風/縛脚,破風: 地面を強打して衝撃波を発生させることで魔法ダメージを与え、命中した敵ユニットを可視状態にする。「破風」が敵に命中した場合は、「縛脚」で追撃できる。<br><br>縛脚: 「破風」でダメージを受けた敵にスロウ効果を付与する。低下した移動速度は時間の経過とともに徐々に元に戻る。,/img/spell/LeeSinEOne.png
355,71,R,龍の怒り,対象に強力な回し蹴りを食らわせ、物理ダメージを与えると同時に後方へノックバックさせ、その際に衝突した敵ユニットにも物理ダメージを与える。ノックバックした対象と接触した敵は、短時間ノックアップ状態になる(この技はジェシー・パーリングにより伝授されたものだが、リー・シンはプレイヤーをゲームからキックすることはない…きっと)。,/img/spell/LeeSinR.png
356,72,P,サンライト,攻撃スキルが命中した敵に1.5秒間「サンライト」の効果を付与する。この状態の対象に味方チャンピオンがダメージを与えると「サンライト」を消費して追加魔法ダメージを与える。,/img/spell/LeonaSunlight.png
357,72,Q,シールド・オブ・デイブレイク,次の通常攻撃時に盾を使って攻撃し、追加魔法ダメージを与えて対象にスタン効果を付与する。,/img/spell/LeonaShieldOfDaybreak.png
358,72,W,エクリプス,自身の体を盾で保護し、ダメージ軽減率、物理防御、魔法防御を増加させる。効果時間終了時に近くに敵がいる場合は、その全員に魔法ダメージを与え、さらにシールドの効果時間が延長される。,/img/spell/LeonaSolarBarrier.png
359,72,E,ゼニスブレード,剣から太陽のエネルギーを放ち、指定方向のすべての敵ユニットに魔法ダメージを与える。最後に命中した敵チャンピオンに一時的なスネア効果を付与し、レオナが近くまで素早く移動する。,/img/spell/LeonaZenithBlade.png
360,72,R,ソーラーフレア,指定地点に太陽の力を呼び寄せ、効果範囲内の敵ユニットにダメージを与える。範囲の中心部にいる敵にスタン効果を与え、外側にいる敵にはスロウ効果を与える。,/img/spell/LeonaSolarFlare.png
361,73,P,夢を集める大枝,スキルでチャンピオンかモンスターを攻撃すると、最大体力に応じた追加ダメージを継続的に与える。,/img/spell/Lillia_Icon_Passive.png
362,73,Q,花開く風,自動効果で、スキルが敵に命中するたびに増加移動速度のスタックを獲得する。発動効果で周囲の敵に魔法ダメージを与え、端にいる対象には追加確定ダメージを与える。,/img/spell/LilliaQ.png
363,73,W,ひゃっ、あぶない！,周囲の敵にダメージを与える。中央にいた敵には、より大きなダメージを与える。,/img/spell/LilliaW.png
364,73,E,コロコロの種,落下時に当たった敵にダメージとスロウ効果を与える種を投げる。何にも当たらなかった場合は、壁か対象に当たるまで転がり続ける。,/img/spell/LilliaE.png
365,73,R,夢見の子守唄,「夢のかけら」を受けているすべての敵に眠気を付与してから眠らせる。眠った敵は、強制的に目覚めさせられた際に追加ダメージを受ける。,/img/spell/LilliaR.png
366,74,P,アイスボーンへの服従,リサンドラの近くで倒された敵チャンピオンは「氷の奴隷」になる。「氷の奴隷」は周囲の敵にスロウ効果を与え、少ししてから極度の寒さに砕け散り、周囲の対象に魔法ダメージを与える。,/img/spell/Lissandra_Passive.png
367,74,Q,アイスシャード,氷の槍を放ち、最初に命中した敵に魔法ダメージとスロウ効果を与える。槍は対象に当たると破片になって、背後にいる敵に同量の魔法ダメージを与える。,/img/spell/LissandraQ.png
368,74,W,リング・オブ・フロスト,周囲にいる敵ユニットを氷漬けにして魔法ダメージを与え、スネア効果を付与する。,/img/spell/LissandraW.png
369,74,E,グラシアルパス,前進する氷の爪を召喚し、触れた敵ユニットに魔法ダメージを与える。効果時間内に再度発動すると、爪の位置へワープする。,/img/spell/LissandraE.png
370,74,R,フローズングレイブ,敵チャンピオンに使用した場合、対象は凍結してスタン状態になる。自身に使用すると、体が闇の氷で覆われ体力を回復するとともに、対象指定されず無敵になる。発動後対象の足元から闇の氷が広がり、触れた敵ユニットに魔法ダメージとスロウ効果を付与する。,/img/spell/LissandraR.png
371,75,P,二挺拳銃,スキルを使用するたびに、次の通常攻撃が2連射になる。味方から体力回復効果またはシールドを付与されるか、自身の周囲で敵チャンピオンが移動不能効果を受けると、次の2回の通常攻撃が追加魔法ダメージを与える。,/img/spell/Lucian_Passive.png
372,75,Q,ピアシングライト,指定した敵ユニットへ光線を発射する。光線はその軌道上にいるすべての敵ユニットにダメージを与える。,/img/spell/LucianQ.png
373,75,W,アーデントブレイズ,指定方向に星形に爆発するエネルギーを発射する。命中した敵ユニットには印が付与され、一時的に可視状態になる。印が付いた敵を攻撃するとルシアンの移動速度が増加する。,/img/spell/LucianW.png
374,75,E,スライド,短距離を素早く移動する。「二挺拳銃」の通常攻撃が敵に命中するたびに、このスキルのクールダウンが短縮される。,/img/spell/LucianE.png
375,75,R,二挺掃射,二挺拳銃を構えて弾丸を高速で連射する。,/img/spell/LucianR.png
376,76,P,仲良し妖精ピックス,ピックスがくっついているチャンピオンが敵ユニットを攻撃するたびに、ピックスも魔法のビームで援護する。このビームは対象に追従するが、射線に別のユニットが割り込むと、そのユニットに遮られる。,/img/spell/Lulu_PixFaerieCompanion.png
377,76,Q,ぴかぴかビーム,ピックスとルルが同時に魔法のビームを発射し、命中したすべての敵にダメージと重度のスロウ効果を付与する。,/img/spell/LuluQ.png
378,76,W,イタズラ,味方に使用した場合、短時間攻撃速度と移動速度を増加させる。敵に使用した場合、かわいらしい動物に変身させ、通常攻撃とスキルの使用を封じる。,/img/spell/LuluW.png
379,76,E,ピックス、おねがい！,味方に使用した場合、ピックスをそばに送り込んでダメージを防ぐシールドを付与する。その後ピックスは対象にくっついて移動し、通常攻撃時に魔法のビームで援護する。敵に使用した場合、対象のもとへピックスが飛んでいきダメージを与える。その後ピックスは対象にくっついて移動し、可視状態にする。,/img/spell/LuluE.png
380,76,R,おおきくなぁれ！,味方1体を巨大化させ、周囲にいる敵をノックアップさせる。巨大化した味方は体力が大幅に増加し、体の周囲に数秒間光の輪が発生する。輪の中に入った敵はスロウ状態になる。,/img/spell/LuluR.png
381,77,P,イルミネーション,攻撃スキルが命中した対象を数秒間「イルミネーション」でマークする。マークした対象にラックスの攻撃が命中すると、エネルギーが爆発して追加魔法ダメージを与える(追加ダメージの量はラックスのレベルに比例する)。,/img/spell/LuxIlluminatingFraulein.png
382,77,Q,ライトバインド,光の玉を発射し、最大2体までの敵にダメージを与えてスネア効果を付与する。,/img/spell/LuxLightBinding.png
383,77,W,プリズムバリア,指定方向に杖を投げ、自身と杖に触れた味方チャンピオンに光を屈折させたシールドを付与する。杖は最大距離に達するとラックスのもとへ戻り、触れた味方チャンピオンと杖をキャッチしたラックスに再びシールドを付与する。,/img/spell/LuxPrismaticWave.png
384,77,E,シンギュラリティ,指定地点に特異な光の玉を放ち、範囲内の敵にスロウ効果を付与する。効果時間内に再度発動すると光の玉が爆発し、範囲内の敵にダメージを与える。,/img/spell/LuxLightStrikeKugel.png
385,77,R,ファイナルスパーク,光のエネルギーを集めてビームを発射し、範囲内の敵にダメージを与える。「イルミネーション」効果を受けている敵に命中すると爆発させて追加魔法ダメージを与え、再度「イルミネーション」を付与する。,/img/spell/LuxR.png
386,78,P,グラナイトシールド,自身の最大体力の10%までのダメージを吸収する岩のシールドを生成する。このシールドは数秒間攻撃を受けないと再生する。,/img/spell/Malphite_GraniteShield.png
387,78,Q,サイズミックシャード,指定した敵に向かって岩の円盤を転がし、衝突時にダメージを与えて3秒間移動速度を奪う。,/img/spell/SeismicShard.png
388,78,W,サンダークラップ,大きな力で攻撃してソニックブームを発生させる。その後数秒間、通常攻撃で自身の前方に余波が発生する。,/img/spell/Obduracy.png
389,78,E,グラウンドスラム,地面を強打して衝撃波を起こし、自身の物理防御に応じた魔法ダメージを与える。衝撃波に当たった敵は、攻撃速度が短時間低下する。,/img/spell/Landslide.png
390,78,R,アンストッパブル・フォース,指定地点に勢いよく跳躍し、敵ユニットにダメージを与えてノックアップさせる。,/img/spell/UFSlash.png
391,79,P,ヴォイドシフト,一定時間ダメージか行動妨害を受けていない時、マルザハールは強力なダメージ軽減と行動阻害無効を得る。この効果はダメージを受けた後も短期間継続する。,/img/spell/Malzahar_Passive.png
392,79,Q,ヴォイドコール,ヴォイドへ繋がるゲートを2カ所に発生させる。発動から一瞬遅れてゲートからエネルギーが発射され、命中した敵ユニットに魔法ダメージを与える。敵チャンピオンに対しては、さらにサイレンス効果を与える。,/img/spell/MalzaharQ.png
393,79,W,ヴォイドスワーム,近くの敵を攻撃する「ヴォイドリング」を召喚する。,/img/spell/MalzaharW.png
394,79,E,虚性侵蝕,指定した対象の精神を痛みに悶え苦しむ幻覚で蝕み、継続ダメージを与える。対象に他のスペルを使用すると幻覚の効果が更新される。<br><br>幻覚に侵蝕されている敵が倒れると近くの敵ユニットに効果が伝染し、マルザハールのマナが回復する。幻覚に蝕まれている敵は、マルザハールが召喚した「ヴォイドリング」に狙われる。,/img/spell/MalzaharE.png
395,79,R,ネザーグラスプ,ダメージを与える負のエネルギーに満ちた領域上で敵チャンピオンにヴォイドのエネルギーを注ぎ込み、サプレッション効果を付与する。,/img/spell/MalzaharR.png
396,80,P,魔樹液,通常攻撃が自身の体力を回復し、追加ダメージを与える。この効果にはある程度のクールダウンはあるが、スキルを使用するか、敵のスキルが自身に命中すると、このクールダウンが短縮される。,/img/spell/Maokai_Passive.png
397,80,Q,茨打ち,衝撃波で周囲の敵ユニットをノックバックして魔法ダメージとスロウ効果を与える。,/img/spell/MaokaiQ.png
398,80,W,樹人の進撃,巨大な根の塊になって対象指定されなくなり、指定した対象に向かってダッシュする。対象に到達するとスネア効果を与える。,/img/spell/MaokaiW.png
399,80,E,苗木投げ,指定地点に苗木を投げて見張らせる。茂みの中ならより効果的になる。,/img/spell/MaokaiE.png
400,80,R,大地の捕縛,大量の茨や棘で出来た巨大な壁を召喚する。壁はゆっくりと前進しながら、通り道にいる敵ユニットにダメージとスネア効果を与える。,/img/spell/MaokaiR.png
401,81,P,ダブルストライク,通常攻撃を数回行うごとに、通常攻撃が2回連続攻撃になる。,/img/spell/MasterYi_Passive1.png
402,81,Q,アルファストライク,目にもとまらぬ速さで複数の敵を斬り抜け、物理ダメージを与える。この間、マスター・イーは対象指定されない。このスキルの攻撃はクリティカルを発生させる場合もあり、モンスターには追加物理ダメージを与える。通常攻撃をするたびに、このスキルのクールダウンが短縮される。,/img/spell/AlphaStrike.png
403,81,W,明鏡止水,精神を統一して体力を回復する。また効果時間中、受けるダメージを軽減する。さらに、詠唱中は毎秒「ダブルストライク」のスタックを獲得して、「ウージュースタイル」と「ハイランダー」の残り効果時間を一時停止する。,/img/spell/Meditate.png
404,81,E,ウージュースタイル,通常攻撃が追加確定ダメージを与える。,/img/spell/WujuStyle.png
405,81,R,ハイランダー,一時的に移動速度と攻撃速度が増加し、あらゆるスロウ効果を受けなくなる。発動中にチャンピオンに対するキルまたはアシストを達成すると「ハイランダー」の効果時間が延びる。またこのスキルは自動効果を持ち、チャンピオンに対するキルまたはアシストを達成すると、他のスキルのクールダウンが短縮されるようになる。,/img/spell/Highlander.png
406,82,P,灼熱の輝き,スキルを使用するたび、次の通常攻撃で追加の飛翔物を3発発射する(最大9発までスタック可能)。<br><br>スキルまたは通常攻撃でダメージを与えると、敵に「圧倒」のスタックを付与する。これは無限にスタックする。敵に蓄積した「圧倒」スタックが一定のダメージ量に達すると、スタックを消費して敵にとどめを刺す。,/img/spell/Mel_Passive.png
407,82,Q,輝きの連撃,指定地点に向かって複数の飛翔物を連続で発射する。飛翔物は爆発して範囲内の敵に繰り返しダメージを与える。,/img/spell/MelQ.png
408,82,W,反駁,自身の周囲にバリアを形成する。このバリアは敵の発射物をその敵に向けて反射し、自身が受けるダメージを防ぎ、自身の移動速度を増加させる。,/img/spell/MelW.png
409,82,E,陽光の枷,前方に輝くオーブを発射し、中心にいた敵にはスネア効果を与え、周囲にいた敵にはスロウ効果と継続ダメージを与える。,/img/spell/MelE.png
410,82,R,黄金蝕,距離に関係なく、「圧倒」を付与しているすべての敵を攻撃し、「圧倒」のスタック数に応じて追加ダメージを与える。<br><br>「黄金蝕」のスキルレベルが上がると、「圧倒」のダメージが増加する。,/img/spell/MelR.png
411,83,P,ファイヤーアップ！,ミリオのスキルに触れた味方は、次の攻撃で追加のバーストダメージを与え、対象を炎上させる。,/img/spell/Milio_P.png
412,83,Q,ウルトラメガファイヤーキック,敵1体をノックバックさせるボールをキックする。ボールは敵に命中すると、跳ね上がってから対象に向かって落下し、着地時に範囲内の敵にダメージとスロウ効果を与える。,/img/spell/MilioQ.png
413,83,W,癒しの焚き火,範囲内の味方の体力を回復し、その射程距離を延長するゾーンを作り出す。このゾーンは発動地点から一番近い味方を追従する。,/img/spell/MilioW.png
414,83,E,抱擁のぬくもり,味方1体にシールドを付与し、一時的に対象の移動速度を上昇させる。このスキルは2回までチャージできる。,/img/spell/MilioE.png
415,83,R,生命の息吹,穏やかな炎の波動を放ち、範囲内の味方の体力を回復して、行動妨害効果を除去する。,/img/spell/MilioR.png
416,84,P,ラブタップ,新しい対象に通常攻撃するたびに追加物理ダメージを与える。,/img/spell/MissFortune_W.png
417,84,Q,ダブルアップ,指定した敵に発砲しダメージを与える。対象の背後に敵がいた場合、跳弾して後ろの敵にもダメージを与える。弾丸はどちらも「ラブタップ」の効果が適用される。,/img/spell/MissFortuneRicochetShot.png
418,84,W,ストラット,攻撃を受けずにいると、自動効果により移動速度が増加するようになる。発動すると、短時間攻撃速度が増加する。クールダウン中は、「ラブタップ」によってクールダウンが短縮される。,/img/spell/MissFortuneViciousStrikes.png
419,84,E,レイニングバレット,一定範囲内に弾丸の雨を降らせて視界を確保するとともに、範囲内の敵に継続ダメージを与えてスロウ効果を付与する。,/img/spell/MissFortuneScattershot.png
420,84,R,バレットタイム,前方の扇状範囲に大量の銃弾を放ち、範囲内にいる敵に大量のダメージを与える。波状に発射される弾丸の各ウェーブ毎にクリティカル判定を持つ。,/img/spell/MissFortuneBulletTime.png
421,85,P,岩の皮膚,チャンピオンまたはモンスターと戦闘中は、スタック可能な物理防御と最大体力に応じた自動回復を獲得する。,/img/spell/MonkeyKingStoneSkin.png
422,85,Q,強棒打,次の通常攻撃の射程が増加して追加ダメージを与え、対象の物理防御を数秒間低下させる。,/img/spell/MonkeyKingDoubleAttack.png
423,85,W,戦士の幻惑,<font color='#91d7ee'>インビジブル</font>状態になって指定方向にダッシュする。元いた場所には近くの敵を攻撃する分身が残る。,/img/spell/MonkeyKingDecoy.png
424,85,E,乱像猿技,指定した対象に向かって突撃し、複数の残像を発生させる。残像は対象の近くにいる敵ユニットを攻撃し、対象それぞれにダメージを与える。,/img/spell/MonkeyKingNimbus.png
425,85,R,旋風猿舞,如意棒を伸ばして回転し、自身の移動速度が増加する。<br><br>如意棒に触れた敵にダメージを与えてノックアップさせる。,/img/spell/MonkeyKingSpinToWin.png
426,86,P,無窮の闇,チャンピオンまたはモンスターに通常攻撃かスキルを3回命中させると、ダメージを与える強力なオーラを発生させ、移動速度が増加する。,/img/spell/MordekaiserPassive.png
427,86,Q,滅魂の一撃,地面にメイスを叩きつけ、命中したすべての敵にダメージを与える。対象が1体のみだった場合はダメージが上昇する。,/img/spell/MordekaiserQ.png
428,86,W,不滅の鎧,与えたダメージや受けたダメージを蓄え、シールドを作り出す。シールドを消費して体力を回復することも可能。,/img/spell/MordekaiserW.png
429,86,E,死の呪縛,範囲内にいるすべての敵を引き寄せる。,/img/spell/MordekaiserE.png
430,86,R,死の国,獲物を別の次元へと引きずり込み、ステータスの一部を奪い取る。対象を倒した場合は、その対象が復活するまで奪ったステータスが維持される。,/img/spell/MordekaiserR.png
431,87,P,ソウルサイフォン,敵チャンピオン、大型ミニオン、中型および大型ジャングルモンスターにダメージを与えると自身の体力を回復する。,/img/spell/FallenAngel_Empathize.png
432,87,Q,ダークバインド,闇の魔力で敵にスネア効果と魔法ダメージを与え、冒した罪の深さを思い知らせる。 ,/img/spell/MorganaQ.png
433,87,W,苦悶の影,周囲に呪いの闇を発生させ、範囲内にいる敵に継続的な魔法ダメージを与える。このダメージは対象の体力が低いほど増加する。,/img/spell/MorganaW.png
434,87,E,ブラックシールド,仲間のチャンピオンに星炎の加護によるバリアを付与する。このバリアは魔法ダメージと行動妨害を無効化する。,/img/spell/MorganaE.png
435,87,R,魂の足枷,天界の力を解放し、翼を広げて空中に浮かぶ。周囲の敵チャンピオンを黒き痛みの鎖で縛り、そのチャンピオンへ向かう際の移動速度が上昇する。命中時にダメージとスロウ効果を与え、一定時間内に鎖から逃れることができなかった敵には追加でスタン効果を与える。,/img/spell/MorganaR.png
436,88,P,我らは一つ,「群れの同胞」を出現させる。「群れの同胞」はナフィーリの通常攻撃およびスキルの対象を攻撃する。,/img/spell/Icons_Naafiri_P.png
437,88,Q,ダーキンダガー,最大2本の短剣を放つ。短剣はそれぞれ出血を付与し、対象がすでに出血中の場合は、それぞれ追加ダメージを与える。<br><br>「群れの同胞」はこのスキルが最初に命中したチャンピオンまたはモンスターに飛びかかって攻撃する。<br>,/img/spell/NaafiriQ.png
438,88,W,群れの呼び声,対象指定不可状態になって群れを強化し、追加の群れの同胞を出現させて、移動速度と攻撃力が増加する。<br>,/img/spell/NaafiriR.png
439,88,E,獰猛なる刃,ダッシュして、自身の周囲にいる敵にダメージを与える。その際、「群れの同胞」を呼び寄せて、体力を全回復させる。,/img/spell/NaafiriE.png
440,88,R,猟犬の追跡,ナフィーリと「群れの同胞」がチャンピオンに向かってダッシュしてダメージを与える。キルまたはアシストを獲得すると自身の周囲の敵が可視化され、このスキルを再発動可能になる。2回目の使用時はシールドを獲得する。,/img/spell/NaafiriW.png
441,89,P,さざなみの後押し,スキルが味方チャンピオンに命中するたびに、命中した相手の移動速度が短時間増加する。,/img/spell/NamiPassive.png
442,89,Q,水の牢獄,指定地点に水泡を飛ばし、着弾時に範囲内の敵ユニットにダメージを与えてスタン効果を付与する。,/img/spell/NamiQ.png
443,89,W,潮の流れ,味方と敵チャンピオンの間を交互に跳ね返る水流を放つ。命中した味方は体力が回復し、敵はダメージを受ける。,/img/spell/NamiW.png
444,89,E,潮使いの祝福,短時間、味方チャンピオンに力を与える。強化された味方は次の数回の通常攻撃とスキルで、対象に追加魔法ダメージとスロウ効果を付与する。,/img/spell/NamiE.png
445,89,R,海神の舞,ナミが海の力を借りて「海神の舞」を呼び寄せる。波に触れた敵ユニットはダメージを受け、ノックアップされてスロウ状態になる。命中した味方は「さざなみの後押し」の2倍の効果を得る。,/img/spell/NamiR.png
446,90,P,ソウルイーター,敵の魂のエネルギーを吸い取り、自身のライフスティールが増加する。,/img/spell/Nasus_Passive.png
447,90,Q,サイフォンストライク,杖に魔法の力を宿らせ、次の通常攻撃を強化する。このスキルでユニットにとどめを刺すとスタックが増えていき、その数に応じて「サイフォンストライク」の威力が増していく。,/img/spell/NasusQ.png
448,90,W,ウィザー,指定した敵チャンピオンを老化させる。効果時間中、敵の移動速度と攻撃速度が徐々に減少する。,/img/spell/NasusW.png
449,90,E,スピリットファイア,指定範囲に神秘的な炎を呼び寄せ、範囲内の敵に魔法ダメージを与えて物理防御を低下させる。,/img/spell/NasusE.png
450,90,R,アヌビスの怒り,巨大化して、強力な砂嵐を身にまとう。砂嵐をまとっている間は、体力と通常攻撃の射程距離が増加する。またその間は、周囲の敵にダメージを与え、「サイフォンストライク」のクールダウンが短くなり、物理防御と魔法防御が増加する。,/img/spell/NasusR.png
451,91,P,鉄の錨,対象に最初に行う通常攻撃は与える物理ダメージが増加し、短時間スネア効果を与える。,/img/spell/Nautilus_StaggeringBlow.png
452,91,Q,錨投げ,前方に錨を投げる。敵に命中すると自身と対象を同時に引き寄せ、魔法ダメージを与える。錨が地形に命中した場合、自身を錨の地点まで引き寄せる。,/img/spell/NautilusAnchorDrag.png
453,91,W,大海の激憤,一時的にシールドを獲得する。シールドが持続している間は通常攻撃が対象と周囲の敵に継続ダメージを与える。,/img/spell/NautilusPiercingGaze.png
454,91,E,粉砕水,自身の周囲に3回爆発する衝撃波を発生させる。爆発のたびに敵にダメージとスロウ効果を与える。,/img/spell/NautilusSplashZone.png
455,91,R,爆雷発射,錨を地面にたたきつけ、狙った敵チャンピオンを追尾する爆雷を発射する。爆雷は対象を追尾しながら、通った場所に衝撃波を引き起こし、巻き込んだ敵ユニットに魔法ダメージとノックアップを与える。爆雷が対象に命中すると爆発がおき、対象にノックアップとスタンを付与する。,/img/spell/NautilusGrandLine.png
456,92,P,駆け巡る色彩,味方チャンピオンまたはマップ上の他のユニットの姿に化けることができる。行動妨害効果を受けるか、ダメージスキルを詠唱するか、チャンピオン以外のユニットに擬態した状態で敵タワーにダメージを与えるか、擬態したユニットの体力バーと同量のダメージを受けると擬態が解除される。,/img/spell/Neeko_P.png
457,92,Q,弾ける花弁,魔法ダメージを与える種を投げる。種はチャンピオンに当たるか敵ユニットをキルすると再度爆発する。,/img/spell/NeekoQ.png
458,92,W,シェイプスプリッター,自動効果により通常攻撃3回ごとに追加魔法ダメージを与え、少しの間、移動速度が増加する。発動すると指定方向にクローンを送り出し、再発動するとクローンの進行方向を変えられる。,/img/spell/NeekoW.png
459,92,E,からまれ！,輪を飛ばして当たった敵すべてにダメージとスネア効果を与える。輪は敵をキルするかチャンピオンに触れると大きくなり、速度とスネア効果時間が増加する。,/img/spell/NeekoE.png
460,92,R,ポップブロッサム,少しの間準備してから宙に舞い上がり、周囲のすべての敵をノックアップさせる。さらに着地時に周囲の敵にダメージを与えてスタンさせる。擬態中は密かに準備を行える。,/img/spell/NeekoR.png
461,93,P,品定め,茂みに入ると移動速度が2秒間10%増加する。さらに、距離1400の範囲内にいる可視状態の敵チャンピオンに向かって移動する場合は30%増加する。<br><br>敵チャンピオンまたは中立モンスターに「槍投げ」または「虎挟み」でダメージを与えると、対象に4秒間<font color='#FFF673'>「マーキング」</font>を付与し、<font color='#ee91d7'>真の視界</font>を得る。この間、ニダリーの移動速度が10%増加し、さらに、<font color='#FFF673'>「マーキング」</font>中の対象に向かって移動する場合は30%増加する。また、対象に対する「テイクダウン」と「ジャンプ」の効果が増加する。,/img/spell/Nidalee_Passive.png
462,93,Q,槍投げ/テイクダウン,ヒト形態: 対象に向かって槍を投げる。ダメージ量は槍の飛距離に比例して大きくなる。<br><br>クーガー形態: 次の通常攻撃時に大量の追加ダメージを与える。ダメージ量は対象の失った体力に比例して増える。,/img/spell/JavelinToss.png
463,93,W,虎挟み/ジャンプ,ヒト形態: 地面にトラップを仕掛ける。気づかず踏んだ敵は、ダメージを受けて可視状態になる。<br><br>クーガー形態: 指定方向にジャンプし、着地点周辺の範囲内にいる敵ユニットにダメージを与える。,/img/spell/Bushwhack.png
464,93,E,高揚/クロウ,ヒト形態: クーガーの精霊を呼び出し、味方の体力を回復して短時間攻撃速度を増加させる。<br><br>クーガー形態: かぎ爪で攻撃し、自身の前方範囲内の敵ユニットにダメージを与える。,/img/spell/PrimalSurge.png
465,93,R,クーガーの心,クーガーに変身し、特別なスキルを使用する。,/img/spell/AspectOfTheCougar.png
466,94,P,終わりなき喜び,ラストヒットしたミニオンから得る経験値が増加する。また、周囲の味方の体力回復およびシールド効果を強化し、その味方と共有する。,/img/spell/NIlahP.png
467,94,Q,形なき刃,鞭の刃を指定した方向に打ちつけ、直線上にいるすべての敵にダメージを与える。この攻撃が命中すると、少しの間だけ射程距離が増加する。,/img/spell/NilahQ.png
468,94,W,歓喜のヴェール,霧に身を包み、移動速度が増加して、あらゆる通常攻撃を軽やかに回避する。また、霧の効果時間中に接触したすべての味方が、この効果を獲得する。,/img/spell/NilahW.png
469,94,E,流撃,対象に向かって勢いよくダッシュし、その際に接触したすべての敵にダメージを与える。,/img/spell/NilahE.png
470,94,R,アポテオシス,あふれ出る喜びの中で鞭の刃を振り回し、周囲の敵にダメージを与えてから、自身の方向に引き寄せる。,/img/spell/NilahR.png
471,95,P,夢幻斬,数秒ごとに次の攻撃が範囲攻撃になり、周囲の敵に追加物理ダメージを与えて自身の体力を回復する。<br><br>通常攻撃するたびにクールダウンが短縮する。,/img/spell/Nocturne_UmbraBlades.png
472,95,Q,闇の手,指定方向に影の刃を投げてダメージを与える。刃の軌跡や命中した敵チャンピオンが残す影の上にいる間はユニットをすり抜けられ、移動速度と攻撃力が増加する。,/img/spell/NocturneDuskbringer.png
473,95,W,漆黒の帳,自動効果: 刃に念が送られ、攻撃速度が増加する。<br><br>発動効果: 魔法のバリアを張って敵のスキルを一度だけ無効化する。無効化成功後は自動効果による攻撃速度の増加率が倍になる。,/img/spell/NocturneShroudofDarkness.png
474,95,E,底知れぬ恐怖,対象におぞましい悪夢を見せ、毎秒ダメージを与える。効果終了までに範囲内から抜け出せなかった対象にはフィアー効果を与える。,/img/spell/NocturneUnspeakableHorror.png
475,95,R,パラノイア,すべての敵チャンピオンの視界が悪化し、自分以外の視界を失う。効果中、指定した近くの敵チャンピオンに突撃して攻撃できる。,/img/spell/NocturneParanoia.png
476,96,P,フレヨルドの呼び声,ヌヌがウィルンプと近くにいる味方1体の攻撃速度と移動速度を増加させる。さらに、ウィルンプの通常攻撃が対象の周囲にいる敵にもダメージを与えるようになる。,/img/spell/NunuPassive.png
477,96,Q,丸かじり,ウィルンプがミニオンかモンスター、または敵チャンピオンにかぶりつき、ダメージを与えて自身の体力を回復する。,/img/spell/NunuQ.png
478,96,W,超特大の雪玉！,ウィルンプが雪玉をつくって転がす。雪玉を転がす間、雪玉のサイズとスピードが増加していく。雪玉は敵にダメージを与えてノックアップする。,/img/spell/NunuW.png
479,96,E,雪玉連射,ヌヌが雪玉を複数投げて敵にダメージを与える。その後、雪玉が当たったチャンピオンと大型モンスターにウィルンプがスネア効果を与える。,/img/spell/NunuE.png
480,96,R,アブソリュート・ゼロ,ヌヌとウィルンプが一定範囲内に強力な猛吹雪をつくりだして敵にスロウ効果を与え、詠唱完了時に大ダメージを与える。,/img/spell/NunuR.png
481,97,P,狂戦士の怒り,減少体力に応じて攻撃速度とライフスティールが増加する。,/img/spell/Olaf_Passive.png
482,97,Q,斧投げ,指定地点の地面をめがけて斧を投げ、命中した敵にダメージを与えて、物理防御と移動速度を低下させる。斧を拾うと、このスキルのクールダウンがリセットされる。,/img/spell/OlafAxeThrowCast.png
483,97,W,根性比べ,攻撃速度が増加し、シールドを獲得する。,/img/spell/OlafFrenziedStrikes.png
484,97,E,捨て身切り,体力を消費して強烈な攻撃を繰り出し、対象に確定ダメージを与える。対象を倒した場合は消費した体力が回復する。,/img/spell/OlafRecklessStrike.png
485,97,R,ラグナロク,自動効果で物理防御と魔法防御が増加する。このスキルを発動すると、通常攻撃を続けている限りは行動妨害効果を受けなくなる。,/img/spell/OlafRagnarok.png
486,98,P,ぜんまい仕掛け,通常攻撃が追加で魔法ダメージを与える。このダメージは同じ対象を続けて攻撃すると増加する。,/img/spell/OriannaPassive.png
487,98,Q,オーダー: 攻撃,オリアナが指定地点を攻撃するようボールに命じ、軌道上の敵ユニットに魔法ダメージを与える (敵に命中する度にダメージは低下する)。ボールは攻撃後もその場に留まる。,/img/spell/OrianaIzunaCommand.png
488,98,W,オーダー: 乱磁場,オリアナの命令により、ボールがエネルギー波を発射して周囲の敵に魔法ダメージを与える。後には力場が残され、範囲内に入ると、味方の移動速度が増加し、敵はスロウ状態になる。,/img/spell/OrianaDissonanceCommand.png
489,98,E,オーダー: 防御,オリアナの命令により、ボールが味方チャンピオンに貼りつき、シールドを付与する。ボールは移動時に触れたすべての敵に魔法ダメージを与える。さらに、ボールは貼り付いたチャンピオンの物理防御と魔法防御を増加させる。,/img/spell/OrianaRedactCommand.png
490,98,R,オーダー: ショックウェーブ,オリアナが命令してから一瞬後、ボールが衝撃波を発射して周囲の敵に魔法ダメージを与え、ボールの方向へ引き寄せる。,/img/spell/OrianaDetonateCommand.png
491,99,P,歩く鍛冶場,オーンが獲得するあらゆる追加物理防御と追加魔法防御は、獲得量が増加する。<br><br>オーンはどこにいても、ゴールドを消費して消費アイテム以外のアイテムを作り出せる。<br><br>さらに、自身と味方のために名匠アイテムを作り出せる。,/img/spell/OrnnP.png
492,99,Q,溶岩隆起,地面を叩きつけて裂け目を発生させ、敵ユニットにダメージを与えて移動速度を低下させる。少ししてから、裂け目の終端に溶岩の柱が発生する。,/img/spell/OrnnQ.png
493,99,W,ふいごの息,前進し、炎を吐き出す。炎の最後の塊が当たった敵は「脆弱」状態になる。,/img/spell/OrnnW.png
494,99,E,灼熱の突撃,ダッシュして当たった敵ユニットにダメージを与える。ダッシュ中に地形にぶつかると周囲に衝撃波が発生し、敵ユニットにダメージを与えてノックアップする。,/img/spell/OrnnE.png
495,99,R,鍛冶神の呼び声,指定地点に巨大な精霊を呼び出す。精霊はどんどん速度を上げながらオーンがいる方向に進んでくる。精霊にぶつかった敵ユニットはダメージを受けて移動速度が低下し、「脆弱」状態になる。スキルを再使用するとオーンが精霊に向かって突撃し、彼がぶつかった方向に精霊の進行方向を変える。この精霊に当たった敵ユニットはノックアップされて、最初と同量のダメージを受け、再び「脆弱」が適用される。,/img/spell/OrnnR.png
496,100,P,定命の意志,スキルまたは通常攻撃を数回行うと、次のスキルが強化される。,/img/spell/Pantheon_Passive.png
497,100,Q,彗星の槍,指定方向に槍を突く、または槍を投げる。,/img/spell/PantheonQ.png
498,100,W,跳撃の盾,対象に向かってダッシュし、ダメージを与えてスタンさせる。,/img/spell/PantheonW.png
499,100,E,イージスの猛攻,盾を構え、正面からのダメージを無効化しながら、槍で連続攻撃を繰り出す。,/img/spell/PantheonE.png
500,100,R,偉大なる星路,精神を集中させて空高く跳びあがり、流星となって指定地点に上空から突撃する。,/img/spell/PantheonR.png
501,101,P,鋼鉄の大使,対象にバックラーを投げつける。対象に命中し跳ね返って落ちたバックラーを拾うことで、一時的にシールドを得る。,/img/spell/Poppy_Passive.png
502,101,Q,ハンマーショック,ハンマーを振り下ろしてダメージを与え、敵をスロウ状態にした後時間を置いて爆発する効果範囲を作り出す。,/img/spell/PoppyQ.png
503,101,W,ステッドファスト,自動効果で物理防御と魔法防御が増加する。このボーナスは体力が低下するとさらに増加する。発動すると移動速度が増加し、自身の周囲にいる敵のダッシュ行動を阻止する。ダッシュを中断させられた敵はスロウ状態および釘付け状態になる。,/img/spell/PoppyW.png
504,101,E,ヒロイックチャージ,対象に向かってダッシュし、突き飛ばす。対象が壁にぶつかった場合、スタン状態になる。,/img/spell/PoppyE.png
505,101,R,守護者の鉄鎚,ハンマーに力を溜め、敵を遥か彼方に殴り飛ばす。,/img/spell/PoppyR.png
506,102,P,沈みし者の力,敵の視界外にいると、直前にチャンピオンからの攻撃で失った体力を回復する。また、パイクはいずれのソースからも増加最大体力を得ることはできず、代わりに増加攻撃力を得る。,/img/spell/PykePassive.png
507,102,Q,ボーンスキューア,前方にいる1体の敵を突き刺すか、1体の敵を引き寄せる。,/img/spell/PykeQ.png
508,102,W,ゴーストウォーター,カモフラージュ状態になり、移動速度が大きく増加する。移動速度は徐々に元に戻る。,/img/spell/PykeW.png
509,102,E,亡者の引き波,亡霊を残してダッシュする。亡霊はパイクのところまで戻ってきて触れた敵チャンピオンをスタンさせる。,/img/spell/PykeE.png
510,102,R,水底の急襲,ブリンクして体力の低下した敵にとどめを刺す。とどめを刺すと再度使用可能になり、アシストした味方1人に追加ゴールドを付与する。,/img/spell/PykeR.png
511,103,P,女帝の威風,それぞれの敵に対する最初の通常攻撃またはスキルに追加ダメージが付与される。,/img/spell/Qiyana_Passive.png
512,103,Q,エレメントの怒り/イシュタルの切先,武器を振り、保持しているエレメントに応じた追加効果の付いたダメージを与える。,/img/spell/QiyanaQ.png
513,103,W,大地の力,目標地点までダッシュし、武器にエレメントの力を付与する。武器にエレメントの力がついている間は、通常攻撃とスキルに追加ダメージが付与される。,/img/spell/QiyanaW.png
514,103,E,俊烈,敵に向かってダッシュし、ダメージを与える。,/img/spell/QiyanaE.png
515,103,R,天賦絢爛,エレメントに命中すると爆発する衝撃波を放ち、周囲の敵をスタンさせながらダメージを与える。,/img/spell/QiyanaR.png
516,104,P,鷲匠,相棒であるデマーシアの鷲、ヴァロールが定期的に周囲の敵に<font color='#FFF673'>「弱点」</font>のマークをつける。<font color='#FFF673'>「弱点」</font>のマークを付与された敵に対して、クインの次の通常攻撃は追加物理ダメージを与える。,/img/spell/Quinn_Passive.png
517,104,Q,暗闇の強襲,ヴァロールを呼び、敵にマークをつけさせた後、その場の対象にダメージを与えるとともに、視界を奪う。,/img/spell/QuinnQ.png
518,104,W,鷲の眼,自動効果により<font color='#FFF673'>「弱点」</font>マークが付与された敵を攻撃するとクインの攻撃速度と移動速度が増加する。発動した場合は、ヴァロールがその付近の広い視界を得る。,/img/spell/QuinnW.png
519,104,E,飛翔撃,敵に飛びかかり、対象に物理ダメージを与え、移動速度を低下させる。クインは対象に接触すると同時に、一瞬ノックバックさせて飛び離れ、自身の最大射程距離付近に着地する。,/img/spell/QuinnE.png
520,104,R,相棒,クインとヴァロールが連携し、高速で飛行する。スキルが終了すると「スカイストライク」が発動して周囲の敵にダメージを与え、敵チャンピオンには「弱点」のマークを付与する。,/img/spell/QuinnR.png
521,105,P,神秘の翼,ラカンは定期的にシールドを獲得する。,/img/spell/Rakan_P.png
522,105,Q,キラリ羽根,魔法の羽根を投げて魔法ダメージを与える。敵チャンピオンかエピックモンスターに当たると、ラカンが味方を回復できる。,/img/spell/RakanQ.png
523,105,W,華麗なる登場,指定地点にダッシュして、到着時に周囲の敵ユニットをノックアップさせる。,/img/spell/RakanW.png
524,105,E,バトルダンス,味方チャンピオンのところまで飛びシールドを付与する。このスキルは少しの間だけコスト無しで再使用できる。,/img/spell/RakanE.png
525,105,R,みんなオレに夢中,移動速度が増加して、触れた敵ユニットにチャームと魔法ダメージを与える。,/img/spell/RakanR.png
526,106,P,トゲトゲ,自身の物理防御と魔法防御に応じて攻撃力が増加する。,/img/spell/Armordillo_ScavengeArmor.png
527,106,Q,ころころ,体を丸めて高速回転し、移動速度が増加する。衝突した敵に突進してダメージを与え、スロウ効果を付与する。,/img/spell/PowerBall.png
528,106,W,かたくなる,防御体勢を取って物理防御と魔法防御を大幅に増加させ、通常攻撃を行ってきた相手にダメージを跳ね返す。,/img/spell/DefensiveBallCurl.png
529,106,E,ぴりぴり,敵チャンピオンまたは中立モンスターをタウントし、固い甲羅に無謀な攻撃をさせる。,/img/spell/PuncturingTaunt.png
530,106,R,どーんどーん,ジャンプしてから指定地点に勢いよく着地し、敵に魔法ダメージとスロウ効果を与える。「ころころ」発動中に使用した場合、範囲の中心付近にいる敵にはノックアップも与える。,/img/spell/Tremors2.png
531,107,P,ゼル＝サイの怒り,通常攻撃または通常スキルを当てると「フューリー」がたまる。地中潜伏中に「フューリー」を消費して自身の体力を回復する。,/img/spell/RekSai_Passive.png
532,107,Q,女王の怒り/獲物定め,次の3回の通常攻撃が近接する周囲の敵に追加物理ダメージを与える。<br><br>「潜伏」を発動すると、ヴォイドのエネルギーを帯びた大地を打ち上げ、敵にダメージを与えて命中した敵を可視化する。,/img/spell/RekSaiQ.png
533,107,W,潜伏/襲撃,地中に潜伏して地中専用のスキルを使用できるようになり、移動速度が増加する。視界範囲は狭まり、通常攻撃を行えなくなる。<br><br>「潜伏」発動中は、「襲撃」を発動して近接する敵をノックアップさせてダメージを与えることができる。,/img/spell/RekSaiW.png
534,107,E,激情の牙/掘削,対象に噛み付いて物理ダメージを与え、「フューリー」が最大の場合は、2倍の確定ダメージを与える。<br><br>「潜伏」を発動すると、長時間持続し、何度も使用することができるトンネルを作る。敵は、このトンネルの開口部の上に立つことで、これを崩壊させることができる。,/img/spell/RekSaiE.png
535,107,R,ヴォイドラッシュ,ダメージを与えた対象を自動的にマークする。このスキルを発動させると、少しの間対象指定不可になり、マークした対象に突進して、相手の最大体力に応じた大ダメージを与える。,/img/spell/RekSaiR.png
536,108,P,革新の鬨,通常攻撃またはスキルを命中させると追加で魔法ダメージを与え、対象から物理防御と魔法防御を奪う。,/img/spell/RellP.png
537,108,Q,破鋼撃,直線上のユニットに魔法ダメージを与え、対象のシールドを破壊してスタンさせる。 ,/img/spell/RellQ.png
538,108,W,フェロマンシー: 装着,騎馬形態: 「騎馬解除」をして、鎧をまとって突撃し、敵をノックアップさせて大量のシールドを獲得する。騎馬解除中は物理防御、魔法防御、攻撃速度、射程距離が増加するが、移動速度が低下する。<br><br>騎馬解除中: 鋼鉄の馬を形成して「騎馬形態」となり、瞬間的に移動速度が増加して、次に通常攻撃を行った敵をノックアップさせる。<br><br>,/img/spell/RellW_Dismount.png
539,108,E,重槍突貫,自動効果: 非戦闘時の移動速度が増加する。<br><br>発動効果: 自身と味方1体の移動速度が徐々に増加する。敵またはお互いの方向に移動する場合、この増加量は2倍になる。次の通常攻撃で爆発を引き起こし、魔法ダメージを与える。<br>,/img/spell/RellE.png
540,108,R,磁気嵐流,猛烈な磁場を発生させ、周囲の敵を自身の方向に引き寄せる。その後も少しの間、継続的に周囲の敵を自身の方向に引き付け、効果時間をかけて魔法ダメージを与える。,/img/spell/RellR.png
541,109,P,レバレッジ,通常攻撃が追加ダメージを与えて敵をマークする。味方はマークされた敵にダメージを与えると追加ダメージを与える。,/img/spell/Renata_P.png
542,109,Q,手荒い挨拶,ミサイルを発射して、最初に命中した敵にスネア効果を与える。その後、再発動してそのユニットを指定方向に投げ飛ばすことができる。,/img/spell/RenataQ.png
543,109,W,緊急支援,味方チャンピオンにバフを付与して戦闘能力を強化し、そのデスを遅らせる。味方はキルかアシストを奪えば、デスを回避できる。,/img/spell/RenataW.png
544,109,E,ロイヤリティープログラム,2発のケミテックミサイルを発射する。ミサイルに触れた味方にはシールドを付与し、敵にはダメージとスロウ効果を与える。,/img/spell/RenataE.png
545,109,R,敵対的買収,化学物質の波を送り出し、触れた敵をバーサーク状態にする。,/img/spell/RenataR.png
546,110,P,激情の支配,攻撃に「フューリー」を獲得する。自身の体力が低下していると「フューリー」の獲得量が増加する。「フューリー」を消費するとスキルに追加効果を付与できる。,/img/spell/Renekton_Passive.png
547,110,Q,ミートカット,武器を振り回して周囲の敵に物理ダメージを与え、ダメージの数パーセントに相当する体力を回復する。「フューリー」が50以上たまっている場合は、ダメージと回復量が増える。,/img/spell/RenektonCleave.png
548,110,W,メッタ斬り,敵を2回斬りつけて物理ダメージを与え、0.75秒間スタン効果を付与する。「フューリー」が50以上たまっている場合は攻撃回数が3回に増え、対象のダメージシールドを消滅させてより多くのダメージを与える。また、スタン時間が1.5秒に延びる。,/img/spell/RenektonPreExecute.png
549,110,E,スライス・アンド・ダイス,ダッシュ攻撃を繰り出し、進路上の敵にダメージを与える。強化時は与えるダメージが増え、2回目のダッシュ攻撃が命中した敵の物理防御を低下させる。,/img/spell/RenektonSliceAndDice.png
550,110,R,セベクの怒り,凶暴化して最大体力が増加し、周囲の敵にダメージを与える。凶暴化中は毎秒「フューリー」がたまっていく。,/img/spell/RenektonReignOfTheTyrant.png
551,111,P,見えざる襲撃者,茂みの中にいると、通常攻撃で対象に向かって飛びつく。<br><br>スキルを使用するたびにフェロシティを獲得する。フェロシティが最大になると次に使用するスキルが強化される。<br><br>敵チャンピオンを倒すと<font color='#BBFFFF'>「骨牙の首飾り」</font>のトロフィーを獲得し、増加攻撃力を獲得する。,/img/spell/Rengar_P.png
552,111,Q,逆上,次の通常攻撃が追加ダメージを与える。<br><br>フェロシティボーナス: 与えるダメージと攻撃速度が増加。,/img/spell/RengarQ.png
553,111,W,狩りの雄叫び,レンガーが雄叫びをあげて周囲の敵にダメージを与え、直前に受けたダメージの一部を回復する。<br><br>フェロシティボーナス: 自身が受けている行動妨害効果を除去する。,/img/spell/RengarW.png
554,111,E,鉄球の投げ縄,投げ縄を投げ、最初に命中した対象に短時間スロウ効果を付与する。<br><br>フェロシティボーナス: 対象にスネア効果を付与する。,/img/spell/RengarE.png
555,111,R,狩猟本能,「狩猟本能」の覚醒によってレンガーが<font color='#cd90ee'>カモフラージュ</font>状態となり、広範囲にわたって敵チャンピオンの位置を把握する。「狩猟本能」の覚醒中は移動速度が増加し、茂みの中にいなくても発見した敵に向かってジャンプ攻撃が可能になり、対象の物理防御を低下させる。,/img/spell/RengarR.png
556,112,P,ルーンブレード,スキルを使用すると剣に力が宿り、通常攻撃でその力を消費して追加ダメージを与える。,/img/spell/RivenRunicBlades.png
557,112,Q,折れた翼,連続して敵を斬りつける。断続的に3回まで再使用でき、3回目を命中させると周囲の敵をノックアップさせる。,/img/spell/RivenTriCleave.png
558,112,W,気功破,「気功破」を放ち、周囲にいる敵にダメージを与えてスタン効果を付与する。,/img/spell/RivenMartyr.png
559,112,E,勇躍,前方へ短いステップを踏み、敵の攻撃を軽減するシールドを身にまとう。,/img/spell/RivenFeint.png
560,112,R,追放者の剣,神秘的な力によって砕けた剣を再生させ、攻撃力と射程を増加させる。さらに効果時間中、強力な遠隔攻撃である「ウィンドスラッシュ」を一度だけ発動できる。,/img/spell/RivenFengShuiEngine.png
561,113,P,ポンコツタイタン,スキルを使用するたび、ヒートが溜まっていく。ヒートゲージが50%に達すると「デンジャーゾーン」に突入し、すべての通常スキルに追加効果が付与される。100%に達すると「オーバーヒート」し、攻撃速度が増加して通常攻撃に追加ダメージがつくが、数秒間スキルを使えなくなる。,/img/spell/Rumble_JunkyardTitan1.png
562,113,Q,スピットファイア,扇状の範囲を3秒間にわたって焼き払い魔法ダメージを与える。「デンジャーゾーン」突入時はダメージが増加する。,/img/spell/RumbleFlameThrower.png
563,113,W,ジャンクシールド,シールドを発生させてダメージを防ぎ、さらに移動速度が一瞬増加する。「デンジャーゾーン」突入時はシールド耐久値と、増加移動速度が増加する。,/img/spell/RumbleShield.png
564,113,E,エレクトロハープーン,銛を発射し、対象を感電させて魔法ダメージとスロウ効果を与え、魔法防御を低下させる。2発まで発射できる。「デンジャーゾーン」突入時はダメージとスロウ効果が増加する。,/img/spell/RumbleGrenade.png
565,113,R,イコライザー,複数のロケット弾を投下し、その地点を炎上させて敵にダメージとスロウ効果を与える。,/img/spell/RumbleCarpetBomb.png
566,114,P,古代の呪術,<mainText>ライズのスキルは増加したマナに応じて追加ダメージを与え、魔力に応じて最大マナが一定割合増加する。</mainText>,/img/spell/Ryze_P.png
567,114,Q,オーバーロード,自動効果: 他の通常スキルを使うと「オーバーロード」のクールダウンがリセットされ、「ルーン」がチャージされる。「ルーン」が2つチャージされた状態で「オーバーロード」を使用すると、少しの間移動速度が増加する。<br><br>発動効果: 凝縮したエネルギー弾を直線上に発射して、最初に当たった敵にダメージを与える。すでに対象に「フラックス」が付与されていた場合、「オーバーロード」は追加ダメージを与え、周囲の敵に「フラックス」が波及する。,/img/spell/RyzeQWrapper.png
568,114,W,ルーンプリズン,対象をルーンの檻に捕らえ、ダメージとスロウ効果を与える。対象に「フラックス」が付与されている場合は、スロウの代わりにスネア状態にする。,/img/spell/RyzeW.png
569,114,E,スペルフラックス,純粋な魔力を凝縮したオーブを発射して対象にダメージを与え、対象とその周囲のすべての敵にデバフを与える。ライズのスキルはデバフを受けた敵には追加効果を与える。,/img/spell/RyzeE.png
570,114,R,ポータルワープ,自動効果: 「フラックス」が付与された対象に「オーバーロード」で与える追加ダメージが増加する。<br><br>発動効果: 近くにポータルを発生させる。数秒後、指定した場所にポータルの範囲内の味方をテレポートさせる。,/img/spell/RyzeR.png
571,115,P,デアデビルインパルス,直前に命中したものとは異なる通常攻撃またはスキルを命中させることでコンボが増加していく。近接攻撃射程の通常攻撃は追加魔法ダメージを与える。<status>移動不能効果</status>を受けた敵に通常攻撃を行うと、自身の射程内までダッシュする。敵が<status>ノックアップ</status>していた場合は、少しの間だけ<status>ノックアップ</status>させたままにする。,/img/spell/SamiraP.png
572,115,Q,フレア,銃を発砲するか、剣を振ってダメージを与える。「ワイルドラッシュ」中に使用した場合は、ダッシュ後に通り道にいたすべての敵を攻撃する。,/img/spell/SamiraQ.png
573,115,W,ブレードワール,周囲を斬りつけて敵にダメージを与え、敵の飛翔物を破壊する。,/img/spell/SamiraW.png
574,115,E,ワイルドラッシュ,敵(建造物を含む)を通り抜けるようにダッシュし、接触した敵を斬りつけて、攻撃速度が増加する。敵チャンピオンをキルすると、このスキルのクールダウンが解消される。,/img/spell/SamiraE.png
575,115,R,インフェルノトリガー,銃から弾丸を高速で連射し、周囲のすべての敵に攻撃を行う。,/img/spell/SamiraR.png
576,116,P,極北の激憤,非戦闘状態が続くと、「氷結の鎧」を獲得して物理防御と魔法防御が増加し、スロウ効果を受けなくなる。「氷結の鎧」はダメージを受けたあとも少しの間だけ継続する。自身がスタンさせた敵を攻撃すると、その氷が砕けて大きな魔法ダメージを与える。,/img/spell/Sejuani_passive.png
577,116,Q,猪突凍進,敵に突進してノックアップする。敵チャンピオンをノックアップすると、そこで突進が止まる。﻿,/img/spell/SejuaniQ.png
578,116,W,氷河の怒り,メイスを2回振り、ダメージとスロウ効果を与えて「凍傷」のスタックを付与する。,/img/spell/SejuaniW.png
579,116,E,永久凍土,「凍傷」のスタックが最大になった敵チャンピオンを凍らせてスタンさせる。,/img/spell/SejuaniE.png
580,116,R,グレイシャルプリズン,ボーラを投げて、最初に当たった敵チャンピオンを凍らせてスタンさせる。さらに氷の嵐を巻き起こして、他の敵ユニットにスロウ効果を与える。,/img/spell/SejuaniR.png
581,117,P,魂の赦し,セナの周囲でユニットが倒されると、一定時間ごとにその魂が「黒き霧」に囚われる。セナはこの魂を通常攻撃して解放することで、魂を死の世界に閉じ込めていた「霧」を吸収することができる。「霧」によって「レリックキャノン」が強化されて、攻撃力、射程距離、クリティカル率が増加する。<br><br>通常攻撃で「レリックキャノン」を発射するまでにかかる時間は長くなるが、追加ダメージを与えるようになり、さらに一時的に対象の移動速度の一部を獲得する。,/img/spell/Senna_Passive.png
582,117,Q,ピアシングダークネス,「レリックキャノン」のツインバレルから光と影が一体となったビームを発射して対象を撃ち抜き、味方は回復して敵にはダメージを与える。,/img/spell/SennaQ.png
583,117,W,最期の抱擁,前方に「黒き霧」を放つ。霧は当たった敵に絡みつき、少ししてから対象と周囲のすべての敵ユニットにスネア効果を付与する。,/img/spell/SennaW.png
584,117,E,黒き霧の呪い,武器に取り込んだ「霧」を利用して周囲に嵐を引き起こし、闇を受け入れて亡霊に変化する。範囲内に入った味方はカモフラージュ状態になり、「霧」の作用によって亡霊の姿となる。亡霊の姿になると移動速度が増加し、対象指定不可になり、正体が隠される。,/img/spell/SennaE.png
585,117,R,ドーニングシャドウ,亡くなった光の番人のレリックストーンに呼びかけ、「レリックキャノン」が聖なる影と光に分かれる。その後、超大射程のビームを発射して命中した味方にはシールドを展開し、ビームの中心にいた敵にはダメージを与える。,/img/spell/SennaR.png
586,118,P,ステージプレゼンス,通常スキルを3回使用すると、3回目のスキルが2連続で発動する。さらに味方の近くでスキルを使用すると、自身の次の通常攻撃は射程が増加し、追加魔法ダメージを与える。,/img/spell/Seraphine_Passive.png
587,118,Q,ハイノート,一定範囲内にダメージを与える。,/img/spell/SeraphineQ.png
588,118,W,サラウンドサウンド,周囲の味方にシールドを付与して移動速度を増加させる。自身がすでにシールドを獲得している場合は、周囲の味方の体力を回復する。,/img/spell/SeraphineW.png
589,118,E,ビートドロップ,直線上の敵にダメージと移動妨害効果を与える。,/img/spell/SeraphineE.png
590,118,R,アンコール,敵にダメージとチャーム効果を与え、味方および敵のチャンピオンに触れるたびに射程がリフレッシュされていく。,/img/spell/SeraphineR.png
591,119,P,ファイティングスピリット,通常攻撃で左右のパンチを交互に繰り出す。右のパンチの方が少し強く、速い。また、セトは負けず嫌いで、減少体力に応じて体力自動回復が増加する。,/img/spell/Sett_P.png
592,119,Q,ナックルダウン,次の2回の通常攻撃が対象の最大体力に応じた追加ダメージを与える。また、敵チャンピオンに向かう際は移動速度が増加する。,/img/spell/SettQ.png
593,119,W,ヘイメイカー,自動効果により、受けたダメージを「闘魂」として蓄える。発動するとすべての「闘魂」を消費してシールドを獲得し、パンチして一定範囲内の中心にいる敵には確定ダメージ、端にいる敵には物理ダメージを与える。,/img/spell/SettW.png
594,119,E,フェイスブレイカー,自身の両側にいるすべての敵を引き寄せ、ダメージを与えてスタンさせる。敵が片側のみにいた場合はスタンの代わりにスロウ効果を与える。,/img/spell/SettE.png
595,119,R,ショーストッパー,敵チャンピオンを担いでジャンプして移動後に地面に叩きつけ、着地時に周囲のすべての敵にダメージとスロウ効果を与える。,/img/spell/SettR.png
596,120,P,バックスタブ,対象の背後から攻撃した場合、通常攻撃と「ポイズンダガー」が追加ダメージを与える。,/img/spell/Jester_CarefulStrikes.png
597,120,Q,幻惑,インビジブル状態になり、瞬間移動する。<br><br>インビジブル中の最初の通常攻撃は追加ダメージを与え、対象の背後から攻撃した場合はクリティカルになる。,/img/spell/Deceive.png
598,120,W,びっくり箱,隠された「びっくり箱」をフィールド上に設置する。敵が近づくと発動して、周囲の敵すべてを恐怖に陥れて攻撃する。,/img/spell/JackInTheBox.png
599,120,E,ポイズンダガー,「ポイズンダガー」は自動効果により通常攻撃が命中した敵に毒を与え、移動速度を低下させる。発動した場合は対象にナイフを投げ、ダメージと毒を与える。対象の体力が30%未満の場合は追加ダメージが発生する。,/img/spell/TwoShivPoison.png
600,120,R,ハルシネイト,シャコの分身が生成され周囲の敵を攻撃する(タワーに対してはダメージが減少する)。分身の体力が尽きると爆発して、3つの「ミニびっくり箱」を発生させ、周囲の敵にダメージを与える。,/img/spell/HallucinateFull.png
601,121,P,内気功,スキルを使用すると、自身にシールドを展開する。また味方、もしくは敵チャンピオンに対してスキルを使用すると、この効果のクールダウンが短縮される。,/img/spell/Shen_Passive.png
602,121,Q,護刃招来,「スピリットブレード」を自身のもとへ呼び寄せ、通常攻撃に対象の最大体力に応じた追加ダメージを付与する。移動中の「スピリットブレード」が敵チャンピオンを斬りつけると追加ダメージが強化され、斬りつけられた敵はシェンから逃げる際にスロウ状態になる。,/img/spell/ShenQ.png
603,121,W,防人の帳,「スピリットブレード」を中心に、敵チャンピオンの通常攻撃をブロックするフィールドを展開する。,/img/spell/ShenW.png
604,121,E,殺気駆け,指定方向にダッシュし、触れた敵チャンピオンにタウント効果を与える。,/img/spell/ShenE.png
605,121,R,瞬身護法,指定した味方チャンピオンにシールドを展開し、印を結んだあと「スピリットブレード」と共にそのチャンピオンのもとへワープする。,/img/spell/ShenR.png
606,122,P,龍血の憤怒,ドラゴンに追加ダメージを与え、物理防御と魔法防御を得る。シヴァーナか味方がドラゴンを倒すにつれ、シヴァーナの物理防御と魔法防御が増加していく。,/img/spell/ShyvanaReinforcedScales.png
607,122,Q,ツインバイト,次の通常攻撃が2回攻撃になり、次の数回の通常攻撃は攻撃速度が増加する。通常攻撃を行うたび「ツインバイト」のクールダウンが0.5秒短縮する。<br><br><font color='#FF3300'>ドラゴンフォーム: </font>目の前のすべての敵ユニットを切り裂く。,/img/spell/ShyvanaDoubleAttack.png
608,122,W,バーンアウト,炎の渦に包まれて、3秒間、周囲のすべての敵ユニットに毎秒魔法ダメージを与え、移動速度が増加する。「バーンアウト」中に敵ユニットに通常攻撃を行うと、このダメージの一部が再び適用される。増加した移動速度は徐々に減衰していくが、通常攻撃を行うたびに「バーンアウト」の効果時間が延長する。<br><br><font color='#FF3300'>ドラゴンフォーム: </font>「バーンアウト」の効果範囲が大きくなる。,/img/spell/ShyvanaImmolationAura.png
609,122,E,フレイムブレス,火球を放ち、命中した敵ユニットにダメージを与え、さらに5秒間マークを付与する。マークを付与した対象に通常攻撃を行うたび、対象の最大体力に応じて追加ダメージを与える。<br><br><font color='#FF3300'>ドラゴンフォーム: </font>「フレイムブレス」が何かにぶつかるか指定地点に到達すると爆発し、追加ダメージを与えて、少しの間、地面に炎が残る。,/img/spell/ShyvanaFireball.png
610,122,R,龍族の血統,龍に変身し、指定地点へ飛びかかる。接触した敵はすべてダメージを受け、指定地点のほうへノックバックさせられる。<br><br>自動効果により「フューリー」が毎秒増加し、さらに通常攻撃を行うたびに「フューリー」が2増加する。,/img/spell/ShyvanaTransformCast.png
611,123,P,スリップストリーム,周囲のチャンピオンを利用して空気抵抗を減らし、通り過ぎる際に一時的に移動速度が増加する。,/img/spell/Singed_Passive.png
612,123,Q,毒の軌跡,背中から毒ガスをまき散らし、ガスに接触した敵にダメージを与える。,/img/spell/PoisonTrail.png
613,123,W,強力粘着剤,強力な粘着剤の入ったビンを地面に投げ、接触した敵にスロウ効果を与えて釘付けにする。,/img/spell/MegaAdhesive.png
614,123,E,すくい投げ,対象の敵ユニットにダメージを与え、シンジドの背後へ投げ飛ばす。<br>「強力粘着剤」の上に着地した場合は、スネア状態になる。,/img/spell/Fling.png
615,123,R,狂人のポーション,強力な調合薬を飲んで戦闘能力が一時的に強化され、「毒の軌跡」が「重傷」を付与するようになる。,/img/spell/InsanityPotion.png
616,124,P,名誉ある死,サイオンは死亡後、体力が急速に減っていく状態で一時的に復活する。攻撃速度が飛躍的に上昇して通常攻撃で体力を回復するようになり、対象の最大体力に応じた追加ダメージを与える。,/img/spell/Sion_Passive1.png
617,124,Q,破滅の斧,サイオンが斧を振り上げ、力を溜めてから前方に振り下ろして、範囲内の敵すべてにダメージを与える。十分に力を溜めた状態で振り下ろすと、ダメージに加えて命中した敵がノックアップし、その後スタン状態になる。,/img/spell/SionQ.png
618,124,W,魂の炉心,サイオンがシールドを張り、時間が経過するか3秒たった後に再発動すると爆発して、周囲の敵に魔法ダメージを与える。また自動効果として、敵ユニットをキルするたびにサイオンの最大体力が増加する。,/img/spell/SionW.png
619,124,E,殺意の雄叫び,サイオンが短射程の衝撃波を発射し、最初に命中した敵にダメージとスロウ効果を与え、さらに物理防御を低下させる。ミニオンおよび中立モンスターに当たった場合は長い距離をノックバックし、接触した敵すべてにダメージとスロウ効果を与え、さらに物理防御を低下させる。,/img/spell/SionE.png
620,124,R,猪突猛進,サイオンが指定方向に突進し、時間とともに加速してゆく。突進中も、わずかに方向を制御できる。敵チャンピオンか壁に衝突すると停止し、敵チャンピオンの場合は突進距離に応じてダメージを与え、さらにノックアップする。,/img/spell/SionR.png
621,125,P,戦駆け,敵チャンピオンを攻撃すると移動速度が短時間増加する。,/img/spell/Sivir_Passive.png
622,125,Q,ブーメランブレード,クロスブレードをブーメランのように投げ、往復のそれぞれで命中した敵ユニットすべてにダメージを与える。,/img/spell/SivirQ.png
623,125,W,跳刃,次の数回の通常攻撃は攻撃速度が増加し、対象の周囲に跳ね返るようになる。跳ね返った攻撃は与えるダメージが低下する。,/img/spell/SivirW.png
624,125,E,スペルシールド,魔法のバリアを張り、一度だけ敵のスキル攻撃やその付随効果をブロックする。スキルをブロックすると体力が回復して、少しの間だけ移動速度が増加する。,/img/spell/SivirE.png
625,125,R,戦姫の号令,発動するとシヴィアの号令により、自身と味方の移動速度を一定時間増加させる。また、自身は通常攻撃するたびに、スキルのクールダウンを短縮できる。,/img/spell/SivirR.png
626,126,P,響振動,スカーナーの通常攻撃、「砕けし大地」、「大地の怒り」、「インペイル」は、敵に「振動」を付与する。「振動」が最大スタックになると、その効果時間をかけて敵に最大体力に応じた魔法ダメージを与える。,/img/spell/Skarner_Passive.png
627,126,Q,砕けし大地/大地の怒り,地面から通常攻撃を強化する巨大な岩を掘り起こす。岩は強力な飛翔物として投げることができる。,/img/spell/SkarnerQ.png
628,126,W,激震の砦,シールドを獲得して地震を発生させ、衝撃波で敵にダメージとスロウ効果を与える。,/img/spell/SkarnerW.png
629,126,E,イシュタルの衝動,前方に突撃して地形を通り抜ける。チャンピオンか大型モンスターに衝突すると、対象を次にぶつかった壁に叩きつけ、ダメージを与えてスタンさせる。,/img/spell/SkarnerE.png
630,126,R,インペイル,尻尾で前方を貫き、敵チャンピオンにサプレッション効果を与える。サプレッション効果を受けた犠牲者は、スカーナーの動きに追従して引きずられる。,/img/spell/SkarnerR.png
631,127,P,駆けだしドラゴン,スキルをチャンピオンに命中させる、または「スーパーこげこげブレス」で敵をキルすると、「駆けだしドラゴン」のスタックを1つ獲得する。スタック数に応じて通常スキルのダメージが増加する。,/img/spell/Icons_Smolder_Passive.png
632,127,Q,スーパーこげこげブレス,敵1体に炎のブレスを吐きかける。スタックを獲得するほど、このスキルが強化されていく。,/img/spell/SmolderQ.png
633,127,W,くしゅん！,可愛らしいくしゃみと共に炎を吐く。この炎は敵チャンピオンに命中すると爆発する。,/img/spell/SmolderW.png
634,127,E,パタパタパタ,飛翔して地形を無視するようになり、最も体力が低い敵を空から攻撃する。,/img/spell/SmolderE.png
635,127,R,ママーッ！！,母ドラゴンを呼び寄せて、上空から炎を吐いてもらう。炎の中心部にいる敵には、追加ダメージとスロウ効果を与える。,/img/spell/SmolderR.png
636,128,P,パワーコード,<passive>アッチェレランド</passive>: 通常スキルを使用し条件を満たすたびに、恒久的に通常スキルヘイストを獲得する。獲得可能な上限を超えると、スキルの使用成功時にアルティメットの残りクールダウン時間が短縮されるようになる。<br><br><passive>パワーコード</passive>: スキルを数回発動するたびに、次の通常攻撃で追加魔法ダメージを与え、さらに最後に発動した通常スキルに応じた追加効果が発生する。,/img/spell/Sona_Passive_Charged.png
637,128,Q,ヒム・オブ・ヴァロー,ソナが「ヒム・オブ・ヴァロー」を演奏し、音波を放って周囲の敵2体(チャンピオンか中立モンスターを優先)に魔法ダメージを与え、さらに一時的にオーラをまとって、接触した味方の次の攻撃に追加ダメージを付与する。,/img/spell/SonaQ.png
638,128,W,パーセヴァランス,ソナが「パーセヴァランス」を演奏し、癒しの旋律によって自身と周囲の味方の体力を回復する。さらにしばらくオーラをまとい、接触した味方に一時的なシールドを与える。,/img/spell/SonaW.png
639,128,E,セレリティ,ソナが「セレリティ」を演奏して周囲の味方の移動速度を増加させる。さらに一時的にオーラをまとって、接触した味方チャンピオンの移動速度を増加させる。,/img/spell/SonaE.png
640,128,R,クレッシェンド,ソナが究極の和音を演奏し、触れた敵チャンピオンに魔法ダメージを与え、強制的に踊らせてスタン効果を付与する。,/img/spell/SonaR.png
641,129,P,救済の足音,近くにいる体力の少ない味方に向かって移動する際に、ソラカの移動速度が増加する。,/img/spell/Soraka_Passive.png
642,129,Q,星のささやき,指定地点に流れ星が落ち、周囲の敵ユニットに魔法ダメージとスロウ効果を与える。敵チャンピオンに「星のささやき」が命中した場合、ソラカの体力が回復する。,/img/spell/SorakaQ.png
643,129,W,星霊の癒し,自身の体力を消費し、指定した味方チャンピオンの体力を回復する。,/img/spell/SorakaW.png
644,129,E,星の静寂,指定した場所に時空の渦を生じさせ、巻き込んだ敵チャンピオンすべてにサイレンス効果を付与する。さらに渦が消滅した瞬間に渦の範囲内に居るすべての敵チャンピオンにスネア効果を付与する。,/img/spell/SorakaE.png
645,129,R,星に願いを,ソラカとすべての味方チャンピオンが降り注ぐ希望の光で満たされ、瞬時に体力が回復する。,/img/spell/SorakaR.png
646,130,P,恐襲の魔鴉,鴉たちが「魂のかけら」を回収し、スウェインの体力を回復して、最大体力を恒久的に上昇させる。,/img/spell/Swain_P.png
647,130,Q,死の手,この世ならざる力の稲妻を複数放ち、敵を貫通する。当たった稲妻の数に応じて与えるダメージが増加する。,/img/spell/SwainQ.png
648,130,W,帝国の眼,指定地点に悪魔の眼を開いて視界を得て、敵ユニットにダメージとスロウ効果を与える。その後の爆発が当たった敵チャンピオンは可視状態になり、「魂のかけら」を獲得する。,/img/spell/SwainW.png
649,130,E,束縛の爪,悪魔のエネルギー波を前方に発射する。その後エネルギー波を呼び戻し、命中した敵にスネア効果を与える。スネア効果を与えたすべてのチャンピオンは、任意で引き寄せることができる。「魔帝戴冠」を発動中は、このスキルのクールダウンが短縮される。,/img/spell/SwainE.png
650,130,R,魔帝戴冠,悪魔に変身して周囲の敵チャンピオン、ミニオン、また中立モンスターから体力を吸収する。その後、「悪魔の紅炎」が発動可能になり、周囲の敵ユニットに魂の炎の爆発を浴びせて、スロウ効果を与える。この形態は敵チャンピオンから体力を吸収している間は無限に持続する。,/img/spell/SwainR.png
651,131,P,ペトリサイトバースト,スキル使用後、「ペトリサイトバースト」がチャージされる。通常攻撃でチャージを解放し、魔力のこもった鎖を旋回させて当たった敵に追加魔法ダメージを与える。「ペトリサイトバースト」のチャージを保持している間は攻撃速度が増加する。 ,/img/spell/SylasP.png
652,131,Q,鎖の鞭,指定地点で交わるように2本の鎖を叩きつけ、敵にダメージとスロウ効果を与える。<br><br>少ししてから交差地点で魔法エネルギーが爆発し、ダメージを与える。,/img/spell/SylasQ.png
653,131,W,王殺し,魔法エネルギーを纏って敵に突進し、ダメージを与える。対象がチャンピオンの場合は自身の体力を回復する。,/img/spell/SylasW.png
654,131,E,逃亡/拉致,指定地点にダッシュする。再発動で鎖を投げつけて命中した敵に向かって自身を引き寄せる。,/img/spell/SylasE.png
655,131,R,乗っ取り,敵のアルティメットスキルを奪い、自由に発動できる。,/img/spell/SylasR.png
656,132,P,絶大なる魔力,チャンピオンレベルの上昇および敵へのダメージによって「怒りの破片」を集め、スキルをアップグレードできる。<br><br><font color='#FF9900'>ダークスフィア</font>: チャージ数が1増加する<br><font color='#FF9900'>ダークフォース</font>: 追加確定ダメージを与える<br><font color='#FF9900'>闇の波導</font>: 幅が増加し、すべての対象にスロウ効果を付与する<br><font color='#FF9900'>魔力の奔流</font>: 体力が低下している対象にとどめを刺す,/img/spell/SyndraPassive.png
657,132,Q,ダークスフィア,闇のエネルギーの球体をつくりだし、敵に魔法ダメージを与える。<br>球体は一定時間消滅せず、他のスキルで操作することもできる。,/img/spell/SyndraQ.png
658,132,W,ダークフォース,発生中の「ダークスフィア」または敵ミニオンや中立モンスター1体を持ち上げて投げ飛ばす。<br>投げ飛ばされた「ダークスフィア」およびミニオンや中立モンスターが命中した敵は魔法ダメージを受け、移動速度が低下する。,/img/spell/SyndraW.png
659,132,E,闇の波導,敵ユニットおよび発生中の「ダークスフィア」をノックバックし、魔法ダメージを与える。<br>このスキルでノックバックした「ダークスフィア」が敵ユニットに命中した場合は、さらにスタン効果を付与する。,/img/spell/SyndraE.png
660,132,R,魔力の奔流,発生中のすべての「ダークスフィア」で敵チャンピオン1体を集中攻撃する。,/img/spell/SyndraR.png
661,133,P,舌慣らし,巨大な体躯から繰り出す通常攻撃に、自身の合計体力に応じた追加ダメージを付与する。ダメージを受けた敵チャンピオンには<spellName>「舌慣らし」</spellName>がスタックされ、3スタックたまった敵チャンピオンに対しては<spellName>「丸呑み」</spellName>を使えるようになる。,/img/spell/TahmKenchP.png
662,133,Q,味見,舌をムチを打つように放つ。最初に命中したユニットにダメージを与え、スロウ効果を付与する。対象が敵チャンピオンだった場合は自分の体力を回復する。<br><br>敵チャンピオンに<spellName>「舌慣らし」</spellName>のスタックを付与する。<spellName>「舌慣らし」</spellName>を3スタック付与しているチャンピオンにこのスキルを使用すると、スタックを消費して対象をスタンさせる。,/img/spell/TahmKenchQ.png
663,133,W,川潜り,水中に潜ってから指定地点に現れ、範囲内のすべての敵にダメージを与えてノックアップさせる。,/img/spell/TahmKenchW.png
664,133,E,ゆるゆる皮膜,<passive>自動効果:</passive> 受けたダメージの一定割合を蓄え、非戦闘時にそれに応じて体力を回復する。<br><br><active>発動効果:</active> 蓄えていた全ダメージを一時的なシールドに変換する。,/img/spell/TahmKenchE.png
665,133,R,丸呑み,数秒間チャンピオンを丸呑みし、敵には魔法ダメージを与え、味方にはシールドを付与する。,/img/spell/TahmKenchRWrapper.png
666,134,P,ロックサーフィン,壁の近くで移動速度が増加する。,/img/spell/Taliyah_Passive.png
667,134,Q,スレッドボレー,自由に移動しながら、指定された方向に石の欠片を連続して発射する。「スレッドボレー」を使用すると、自身の足元に「加工された地面」を作り出す。「加工された地面」上でこのスキルを使用するとその地面を消費して、敵にスロウ効果を与える大きな石を1発投げる。,/img/spell/TaliyahQ.png
668,134,W,サイズミックシャーブ,一定範囲の地面を隆起させ、範囲内の敵を指定した方向に飛ばす。,/img/spell/TaliyahWVC.png
669,134,E,アンレイベルアース,一定範囲内に石をばら撒き、スロウ効果を付与する。この範囲内で敵がダッシュするかノックバックさせられると、石が爆発して対象をスタンさせる。,/img/spell/TaliyahE.png
670,134,R,ウィーバーウォール,長い壁を作り、その上を移動する。,/img/spell/TaliyahR.png
671,135,P,血塗られし慈悲,タロンのスキルは敵チャンピオンまたは大型モンスターに3回までスタックする「傷」を付与する。「傷」のスタックが3つになった敵チャンピオンに通常攻撃を行うと、そのチャンピオンは出血して継続的に大ダメージを受ける。,/img/spell/TalonP.png
672,135,Q,ノクサスの刃,タロンが対象を突き刺す。近接攻撃の射程内であれば、この攻撃はクリティカルダメージを与える。近接攻撃の射程外であれば、対象までジャンプしてから突き刺す。このスキルで対象を倒すと体力の一部が回復し、クールダウンの一部が解消する。,/img/spell/TalonQ.png
673,135,W,飛燕手裏剣,ブーメランのように戻ってくる刃を同時に複数投げる。刃は往路と復路で敵を貫通するたびに物理ダメージを与える。復路で刃が敵ユニットに命中すると、追加ダメージと短時間のスロウ効果を与える。,/img/spell/TalonW.png
674,135,E,暗殺者の跳躍,タロンはどんな地形や建造物も最大距離まで飛び越えられる。このスキルのクールダウンは短いが、飛び越えた地形や建造物に対しては長いクールダウンに入る。,/img/spell/TalonE.png
675,135,R,シャドウアサルト,複数の刃を全方向に投げ、インビジブル状態になって移動速度が増加する。インビジブル状態が解除されると、投げた刃がタロンのいる地点に一斉に戻ってくる。飛んでいった時と戻ってきた時のそれぞれで、刃が命中した敵に物理ダメージを与える。,/img/spell/TalonR.png
676,136,P,ブラバド,スキル使用後の通常攻撃2回が素早くなり、追加魔法ダメージを付与する。さらに通常スキルのクールダウンを短縮する。,/img/spell/Taric_Passive.png
677,136,Q,スターライトタッチ,周囲の味方チャンピオンの体力をチャージ数に応じて回復する。ブラバド効果中に通常攻撃を行うと、「スターライトタッチ」のチャージを1つ獲得する。,/img/spell/TaricQ.png
678,136,W,バスティオン,自動効果: このスキルで繋がっている味方チャンピオンとタリックの物理防御が増加する。<br><br>発動効果: 指定した味方チャンピオンと繋がり、両者にシールドを付与するが、離れすぎると繋がりは一時的に消滅する。さらにタリックの全スキルは、繋がっている味方チャンピオンからも同様に発動される。,/img/spell/TaricW.png
679,136,E,ダズル,魔法ダメージとスタン効果を持つ星のビームを構え、短い遅延の後に発動する。,/img/spell/TaricE.png
680,136,R,コズミックレディアンス,発動から少しして宇宙のエナジーを放ち、自身の周囲の味方を数秒間、無敵状態にする。,/img/spell/TaricR.png
681,137,P,やぶからヨードル,短時間行動せずにいるとインビジブル状態になる。茂みの中であれば移動中でもインビジブル状態になり、動き回っても解除されない。インビジブル状態が解除されると「奇襲モード」になり、攻撃速度が数秒間増加する。,/img/spell/TeemoPassive.ASU_Teemo.png
682,137,Q,目つぶしダーツ,強力な毒で敵1体の視力を低下させる。攻撃を受けた敵はダメージを受け、一定時間ブラインド状態になる。,/img/spell/TeemoQ.png
683,137,W,駆け足！,自動効果: 移動速度が増加。ただし、敵チャンピオンまたはタワーから攻撃を受けると効果が消滅する。<br><br>発動効果: 数秒間、移動速度が増加。この間は、攻撃を受けても効果が持続する。,/img/spell/TeemoW.png
684,137,E,毒たっぷり吹き矢,通常攻撃のたびに、対象を毒状態にする。攻撃を受けた対象は命中時にダメージを受け、さらにその後4秒にわたって毎秒ダメージを受ける。,/img/spell/TeemoE.png
685,137,R,毒キノコ,バックパックに収納した「毒キノコ」を1つ取り出し、破裂性の毒トラップを仕掛ける。敵がトラップを踏むと毒霧が放出され、近くにいる敵ユニットをスロウ状態にし、継続ダメージを与える。毒キノコを他の毒キノコに投げつけると、バウンドしてさらに遠くに飛んでいく。,/img/spell/TeemoR.png
686,138,P,魂の束縛,近くで倒れた敵の魂を集め、物理防御と魔力を永続的に獲得する。,/img/spell/Thresh_Passive.png
687,138,Q,死の宣告,敵に鎖を投げ、命中した対象をそばに引き寄せる。もう一度発動すると、つないだ鎖をたぐって対象まで移動する。,/img/spell/ThreshQ.png
688,138,W,嘆きの魂灯,ランタンを投げて、その周囲にいる味方チャンピオンにシールドを付与する。ランタンをクリックした味方チャンピオンは、スレッシュの元に素早く移動できる。,/img/spell/ThreshW.png
689,138,E,絶望の鎖,前回の通常攻撃から経過した時間に応じて次の通常攻撃が強化される。発動すると鎖を投げ、範囲内の敵ユニットを鎖が投げられた方向へ弾き飛ばす。,/img/spell/ThreshE.png
690,138,R,魂の牢獄,牢獄の壁を出現させる。壁を壊した者にダメージを与えスロウ効果を付与する。,/img/spell/ThreshRPenta.png
691,139,P,ドロー＆グロー,レベルが上がるごとに射程が増加する。,/img/spell/Tristana_Passive.png
692,139,Q,ラピッドファイア,高速で連射を行い、攻撃速度が数秒間増加する。,/img/spell/TristanaQ.png
693,139,W,ロケットジャンプ,地面を砲撃した反動で指定地点へジャンプし、着地と同時に周辺のユニット全員にダメージを与え、短時間スロウ効果を付与する。,/img/spell/TristanaW.png
694,139,E,ヨードルグレネード,自動効果: ユニットを倒すと砲弾が炸裂して金属片が飛び散り、周辺の敵ユニットにダメージを与える。<br><br>発動効果: 対象にグレネードを付着させる。グレネードは数秒後に起爆し、対象と周囲のユニットにダメージを与える。,/img/spell/TristanaE.png
695,139,R,バスターショット,敵ユニット1体へ向けて巨大な砲弾を発射し、魔法ダメージを与えてノックバックさせる。対象に「ヨードルグレネード」が付着していた場合、爆発半径が2倍になる。,/img/spell/TristanaR.png
696,140,P,王への貢物,近くにいる敵ユニットの体力がゼロになると、自身の体力が回復する。回復量は、倒れたユニットの最大体力に比例する。,/img/spell/Trundle_Passive.png
697,140,Q,咬み付き,敵に咬み付いてダメージを与える。咬み付かれた対象は一瞬スロウ状態となり、攻撃力が低下する。この攻撃でトランドルの攻撃力が上昇し、対象の攻撃力をその半分低下させる。,/img/spell/TrundleTrollSmash.png
698,140,W,凍てつく大地,指定範囲を自身の領土にする。範囲内にいる間はトランドルの攻撃速度と移動速度が増加し、あらゆる体力回復効果が増加する。,/img/spell/trundledesecrate.png
699,140,E,氷冷の柱,指定地点に氷の柱を出現させて通行不能にし、近接する敵ユニット全員をスロウ効果を付与する。,/img/spell/TrundleCircle.png
700,140,R,暴虐なる搾取,発動と同時に対象の体力、物理防御、魔法防御の一部を吸収する。<br>その後4秒かけて、さらに同量の体力、物理防御、魔法防御を吸収する。,/img/spell/TrundlePain.png
701,141,P,戦場の咆哮,通常攻撃やクリティカル発生、敵にとどめを刺した際に「フューリー」がたまっていく。<br><br>自動効果: たまった「フューリー」の量に応じてクリティカル率が増加する。<br><br>たまった「フューリー」を消費して「血の欲望」を強化して発動できる。,/img/spell/Tryndamere_Passive.png
702,141,Q,血の欲望,戦闘で負傷するほど攻撃力が増加する。発動させるとたまっている「フューリー」を消費し、体力を回復する。,/img/spell/TryndamereQ.png
703,141,W,嘲りの叫び,敵を嘲る言葉を叫び、周囲にいる敵チャンピオンの攻撃力を低下させる。トリンダメアに背を向けている敵は、移動速度も低下する。,/img/spell/TryndamereW.png
704,141,E,スピンスラッシュ,指定地点へ回転しながら移動し、移動中に当たった敵ユニットにダメージを与える。,/img/spell/TryndamereE.png
705,141,R,不死の憤激,戦い続けたいという強い欲望に取りつかれ、一定時間はどれだけダメージを受けても体力がゼロにならない。,/img/spell/UndyingRage.png
706,142,P,イカサマダイス,ユニットを1体倒すたびに「幸運のサイコロ」を振り、1～6の追加ゴールドを獲得する。,/img/spell/Cardmaster_SealFate.png
707,142,Q,ワイルドカード,扇状を描くように敵を貫通する3枚のカードが投げられ、命中した敵ユニットにそれぞれダメージを与える。,/img/spell/WildCards.png
708,142,W,ドロー,デッキから魔法のカードを1枚選び、次の通常攻撃に使用する。この通常攻撃には追加効果がつく。,/img/spell/PickACard.png
709,142,E,スタックデッキ,通常攻撃4回ごとに追加ダメージがつき、攻撃速度が増加する。,/img/spell/CardmasterStack.png
710,142,R,デスティニー,敵の運命を予知し、敵のチャンピオン全員を可視状態にする。また、1.5秒後に指定位置へワープする「ゲート」を使用できるようになる。,/img/spell/Destiny.png
711,143,P,スゴイ毒ダ！,通常攻撃時に対象を毒に侵し、毎秒確定ダメージを与える。,/img/spell/Twitch_Passive.png
712,143,Q,オイラだヨ！,数秒間カモフラージュ状態になり、その間移動速度が増加する。カモフラージュの解除時に短時間攻撃速度が増加する。<br><br>「スゴイ毒ダ！」でチャンピオンを倒すと、「オイラだヨ！」のクールダウンがリセットされる。,/img/spell/TwitchHideInShadows.png
713,143,W,コイツを食らエ！,毒物が入った容器を投げて破裂させ、効果範囲内の敵ユニットをスロウ状態にし、猛毒効果をかける。,/img/spell/TwitchVenomCask.png
714,143,E,ボーン！,猛毒状態にした敵を病原菌に侵し、さらにダメージを与える。,/img/spell/TwitchExpunge.png
715,143,R,ヒャッハー！,クロスボウの最大威力を引き出し、射程距離を大幅に拡大する。発射した矢は命中した敵ユニットを貫通してダメージを与える。,/img/spell/TwitchFullAutomatic.png
716,144,P,精霊の繋ぎ手,4つの通常スキルで「型」を切り替え、スキルを再発動すると「型」がリフレッシュされて究極の効果を得る。さらに、スキル使用後、次の2回の通常攻撃の攻撃速度が増加する。,/img/spell/Udyr_P.png
717,144,Q,野性の爪,攻撃速度が増加し、次の2回の通常攻撃が追加物理ダメージを与える。<br><br>再発動: 攻撃速度がさらに増加し、次の2回の通常攻撃が対象に電撃を放つようになる。,/img/spell/UdyrQ.png
718,144,W,鉄の外皮,シールドを獲得し、次の2回の通常攻撃で自身の体力を回復する。<br><br>再発動: より耐久値の高いシールドを獲得し、数秒間かけて最大体力の一定割合を回復する。,/img/spell/UdyrW.png
719,144,E,焔の猛進,移動速度が増加し、各対象への最初の通常攻撃が対象をスタンさせる。<br><br>再発動: 少しの間、移動速度がさらに増加し、移動不能効果を受けなくなる。 ,/img/spell/UdyrE.png
720,144,R,氷翼の嵐,極寒の嵐に身を包み、周囲の敵にダメージとスロウ効果を与える。<br><br>再発動: 嵐を強化して解き放ち、敵を追跡させて追加ダメージを与える。,/img/spell/UdyrR.png
721,145,P,エコーフレイム,通常攻撃時と「パージ」発動時にその方向にある脚から散発的に炎が放射され、物理ダメージを与える。,/img/spell/Urgot_Passive.png
722,145,Q,コラプトシェル,指定地点に榴弾を発射する。周囲の敵に物理ダメージを与えて、移動速度を低下させる。,/img/spell/UrgotQ.png
723,145,W,パージ,最も近くにいる敵に速射攻撃を行う。その間は移動速度が低下する。直前に他のスキルで攻撃した敵チャンピオンを優先して攻撃し、「エコーフレイム」を発動する。,/img/spell/UrgotW.png
724,145,E,ディスデイン,指定方向に突撃しながらシールドを展開し、チャンピオン以外の敵ユニットを横に弾き飛ばす。敵チャンピオンを捕まえるとその場で止まり、そのチャンピオンを後方に投げ飛ばす。,/img/spell/UrgotE.png
725,145,R,デスグラインダー,ケミドリルを発射する。ドリルは最初に当たった敵チャンピオンに突き刺さる。その敵チャンピオンの体力が一定未満になると、アーゴットが弱者とみなして処刑する。,/img/spell/UrgotR.png
726,146,P,復讐の化身,キルまたはアシストを獲得すると、一時的に攻撃力と魔力が増加する。相手が敵チャンピオンの場合、このボーナスはさらに大きくなる。,/img/spell/VarusPassive.png
727,146,Q,乾坤一擲,弓を引き絞り、強力な一矢を放つ。構えてから発動するまでの時間が長ければ長いほど、射程距離とダメージ量が増加する。,/img/spell/VarusQ.png
728,146,W,枯死の矢筒,自動効果: 通常攻撃に追加魔法ダメージがつき、命中時に「枯死の呪い」を付与する。「枯死の呪い」がかかった敵に自身の他のスキルが命中すると、対象の最大体力に応じた魔法ダメージを与える。<br><br>発動効果: 次の「乾坤一擲」が強化される。,/img/spell/VarusW.png
729,146,E,滅びの矢雨,複数の矢を射かけて物理ダメージを与え、範囲内の土壌に穢れをもたらす。穢された範囲内に入った敵は、スロウ状態になり、自己回復スキルの効果と、体力自動回復が低下する。,/img/spell/VarusE.png
730,146,R,穢れの連鎖,穢れの蔓を放ち、最初に命中した敵にダメージを与え、スネア効果を付与する。蔓は近接する別のチャンピオンの位置に向かって拡散し、命中するとそのチャンピオンにも同様にダメージを与えてスネア効果を付与する。,/img/spell/VarusR.png
731,147,P,ナイトハンター,敵チャンピオンに向かって移動する時、移動速度が増加する。,/img/spell/Vayne_NightHunter.png
732,147,Q,タンブル,指定方向に前転して移動し、次の攻撃の準備をする。「タンブル」発動後の最初の通常攻撃は追加ダメージを与える。,/img/spell/VayneTumble.png
733,147,W,シルバーボルト,邪悪な存在が嫌う銀の矢を、クロスボウにつがえる。同じ対象に通常攻撃またはスキルを3回連続で命中させると、対象の最大体力に比例する追加確定ダメージが発生する。,/img/spell/VayneSilveredBolts.png
734,147,E,パニッシュメント,背中に担いだ特大クロスボウを構え、指定対象に巨大な矢を撃ち込む。矢を受けたユニットはノックバックされダメージを受ける。ノックバック中に対象が地形に衝突した場合は、追加のダメージが発生し、スタン状態になる。,/img/spell/VayneCondemn.png
735,147,R,ファイナルアワー,敵を殲滅すべく特大クロスボウを構え、攻撃力が増加する。効果時間中は「タンブル」発動時にインビジブル状態になり、「タンブル」のクールダウンが短縮される。また、「ナイトハンター」の移動速度増加量が上昇する。,/img/spell/VayneInquisition.png
736,148,P,偉大なる悪の力,ルーンテラを脅かす強大な悪であるベイガー、その力はとどまるところを知らない！敵チャンピオンからキルまたはアシストを獲得したり、スキルを命中させると、ベイガーの魔力は永続的に増加してゆく。,/img/spell/VeigarEntropy.png
737,148,Q,イーヴィルストライク,指定方向に闇のエネルギーを発射し、最初に命中した敵2体に魔法ダメージを与える。このスキルで敵ユニットにとどめを刺すと、ベイガーの魔力が永続的に増加する。,/img/spell/VeigarBalefulStrike.png
738,148,W,ダークマター,指定地点に巨大な暗黒物質を降らせ、着地時に魔法ダメージを与える。「偉大なる悪の力」のスタックに応じて「ダークマター」のクールダウンが短縮される。,/img/spell/VeigarDarkMatter.png
739,148,E,イベントホライズン,空間の境界をねじ曲げて檻を作り出す。檻を通過した敵はスタンする。,/img/spell/VeigarEventHorizon.png
740,148,R,メテオバースト,敵チャンピオン1体に闇の大魔法を放ち、対象の減少体力に応じて増加する大量の魔法ダメージを与える。,/img/spell/VeigarR.png
741,149,P,有機分解,スキルが命中するたびに対象の<keywordName>「有機分解」</keywordName>が進行していき、3スタックすると確定ダメージを与える。,/img/spell/VelKoz_Passive.png
742,149,Q,電離炸裂弾,再発動させるか敵に命中するとT字に分裂するプラズマ弾を発射する。この弾は命中した敵にスロウ効果とダメージを与える。,/img/spell/VelkozQ.png
743,149,W,ヴォイドの裂谷,ヴォイドへ通じる裂け目を大地に呼び出し、触れた敵にダメージを与える。裂け目は少ししてから爆発し、再度ダメージを与える。,/img/spell/VelkozW.png
744,149,E,地殻砕裂,指定したエリアを爆発させ、範囲内の敵にダメージを与えてノックアップさせる。<br>至近距離にいる敵は、わずかにふき飛ばされる。,/img/spell/VelkozE.png
745,149,R,生体破壊光線,指定方向へ2.5秒間、強力なビームを発射し、触れた敵に魔法ダメージを与える。このスキルによって「有機分解」されて解析が完了したチャンピオンは確定ダメージを代わりに受ける。,/img/spell/VelkozR.png
746,150,P,フコウとユーウツ,一定時間ごとに強化され、次の通常スキルが敵にフィアー効果を与えてダッシュを阻止する。周囲の敵がダッシュするたびにマークを付与する。マークを消費すると追加ダメージを与え、強化効果のクールダウンも短縮される。,/img/spell/Icons_Vex_Passive.png
747,150,Q,無気力ショット,途中で加速する飛翔物を発射してダメージを与える。,/img/spell/VexQ.png
748,150,W,パーソナルスペース,シールドを獲得して周囲の敵にダメージを与える。,/img/spell/VexW.png
749,150,E,ヤミとばし,敵にダメージとスロウ効果を与えて、「ユーウツ」を付与するゾーンを発生させる。,/img/spell/VexE.png
750,150,R,影法師,敵チャンピオンをマークする飛翔物を発射する。再発動すると対象までダッシュしてダメージを与える。,/img/spell/VexR.png
751,151,P,ケンカの作法,一定時間ごとにシールドをチャージし、スキルが敵に命中した瞬間に発動する。,/img/spell/ViPassive.png
752,151,Q,真っすぐいってぶっとばす,ガントレットにエネルギーをチャージした後、指定方向に猛ダッシュしながらパンチを繰り出す。敵ユニットに命中するとダメージとノックバックを与える。これは「メッタ打ち」の連続攻撃回数にもカウントされる。,/img/spell/ViQ.png
753,151,W,メッタ打ち,ヴァイのパンチが敵の物理防御を破って追加ダメージを与え、さらに自身の攻撃速度が増加する。,/img/spell/ViW.png
754,151,E,無慈悲な連撃,ヴァイが次の通常攻撃と同時に、衝撃波を放つ。衝撃波は通常攻撃をした対象の背後に広がり、触れた敵にダメージを与える。,/img/spell/ViE.png
755,151,R,突入捜査,進路にいる敵を跳ね飛ばしながら指定した対象に向かって突撃し、接触と同時に対象をノックアップさせ、追いかけるように自身もジャンプしてから、地面に叩きつけてフィニッシュする。,/img/spell/ViR.png
756,152,P,王の支配,ヴィエゴの周囲で倒された敵は亡霊になる。ヴィエゴは亡霊に通常攻撃を行うことで、その倒された敵の死体を一時的に操れるようになり、対象の最大体力の一定割合にあたる体力を回復し、対象の通常スキルとアイテムを使用できる。対象のアルティメットスキルは自身のものと入れ替わり、自由に1回発動できるようになる。,/img/spell/Viego_Passive.png
757,152,Q,滅びの王剣,自動効果により、霊体の刃が<OnHit>通常攻撃時効果</OnHit>で現在体力に応じた追加ダメージを与える。直前にスキルで攻撃した敵には2回攻撃を行い、体力を奪う。<br><br>このスキルを発動すると、剣で前方に突きを放ち、自身の前にいる敵を貫く。,/img/spell/ViegoQ.png
758,152,W,亡霊の嘆き,チャージしてから前方にダッシュし、凝縮した「黒き霧」を発射して最初に当たった敵をスタンさせる。,/img/spell/ViegoW.png
759,152,E,彷徨える苦悶,「黒き霧」を出現させて、地形の周囲を覆う。自身は「霧」の中では亡霊となって隠れることができ、カモフラージュ状態となり、移動速度と攻撃速度が増加する。,/img/spell/ViegoE.png
760,152,R,ハートブレイカー,近くの地点に瞬間移動し、到着時に敵チャンピオンを斬りつけ、対象の心臓を貫いて衝撃を発生させ、周囲の敵をノックバックさせる。,/img/spell/ViegoR.png
761,153,P,グロリアス・エヴォリューション,敵を倒すたびに「ヘクス フラグメント」を獲得する。「ヘクス フラグメント」を100個獲得するごとに、発動効果スキルが1つ恒久的に強化される。すべての通常スキルをアップグレードすると、「ヘクス フラグメント」を100個獲得してアルティメットスキルが強化できる。,/img/spell/Viktor_Passive.ViktorVGU.png
762,153,Q,パワーブラスト,敵ユニットを狙い撃って魔法ダメージを与え、自身にシールドを張り、次の通常攻撃のダメージが強化される。<br><br>強化: 「パワーブラスト」のシールドが60%増加し、このスキルを発動後、移動速度が増加する。<br>,/img/spell/ViktorQ.png
763,153,W,グラビティフィールド,強力な重力場を発生させる装置を展開し、範囲内の敵にスロウ効果を付与する。 また、装置から抜け出せなかった敵にスタン効果を付与する。<br><br>強化: スキルが敵にスロウ効果を付与する。<br>,/img/spell/ViktorW.png
764,153,E,ヘクステック レイ,バイオメカニカルアームから「ヘクステック レイ」を発射し、一直線にフィールドを焼き払いながら、命中した敵ユニットにダメージを与える。<br><br>強化: 「ヘクステック レイ」が焼き払った地面が爆発し、魔法ダメージを与える。<br>,/img/spell/ViktorE.png
765,153,R,アーケインストーム,フィールド上に「アーケインストーム」を召喚し、魔法ダメージを与えて、敵の詠唱を中断させる。嵐は一定時間ごとに周囲のすべての敵に魔法ダメージを与え、ビクターが移動方向を変えられる。<br><br>強化: 「アーケインストーム」の移動速度が25%増加し、嵐でダメージを受けたチャンピオンが倒されるたびに嵐が大きくなり、効果時間が延長される。<br><br>,/img/spell/ViktorR.png
766,154,P,真紅の盟約,増加体力を30得るたび魔力が1増加する。また、魔力1につき体力が1.6増加する(この固有スキル自身の効果とは重複しない)。,/img/spell/VladimirP.png
767,154,Q,吸血,指定した敵ユニットから血を吸い取り、体力を吸収する。リソースが溜まっている状態の時、「吸血」のダメージと回復量が一定時間大幅に増加する。,/img/spell/VladimirQ.png
768,154,W,紅血の沼,2秒間血の池に潜り、敵に対象指定されなくなる。また、池に接触した敵にスロウとダメージを与え、与えたダメージに応じた体力を吸収する。,/img/spell/VladimirSanguinePool.png
769,154,E,血液奔流,自分の体力を消費して血液をチャージし、解放した時に自分の周囲にダメージを与える。この攻撃は敵ユニットを貫通せず、遮られる。,/img/spell/VladimirE.png
770,154,R,呪血の渦,指定範囲に急速に進行する疫病をばら撒き、感染した敵は一定時間、あらゆる被ダメージが増加する。さらに数秒後爆発が起こり、感染した敵は魔法ダメージを受け、さらにブラッドミアは感染させた敵チャンピオンの数に応じて体力を回復する。,/img/spell/VladimirHemoplague.png
771,155,P,無慈悲の嵐,通常攻撃およびスキルの使用で攻撃速度が増加していき、最終的に通常攻撃が周囲の敵に追加魔法ダメージを与えるようになる。,/img/spell/Volibear_Icon_P.png
772,155,Q,稲妻の猛攻,敵に向かう際の移動速度が増加し、発動後最初に通常攻撃を行った対象に<status>スタン効果</status>とダメージを与える。,/img/spell/VolibearQ.png
773,155,W,激昂の斬撃,敵にダメージと通常攻撃時効果を与えてマークする。同じ対象にもう一度発動すると追加ダメージを与えて自身の体力を回復する。,/img/spell/VolibearW.png
774,155,E,天破の一撃,指定地点に雷を落として周囲の敵にダメージとスロウ効果を与え、自身が範囲内にいた場合はシールドを獲得する。,/img/spell/VolibearE.png
775,155,R,嵐を起こす者,指定地点に飛びかかって踏みつけた敵にスロウ効果とダメージを与え、自身は体力が増加する。着地地点の近くにある敵のタワーは一時的に無効化される。,/img/spell/VolibearR.png
776,156,P,永遠の渇き,通常攻撃が追加魔法ダメージを与える。自身の体力が50%未満の場合、追加魔法ダメージと同量の体力を回復する。自身の体力が25%未満の場合、この回復効果は3倍になる。,/img/spell/WarwickP.png
777,156,Q,野獣の牙,前方にダッシュして対象に噛みつき、対象の最大体力に応じたダメージを与え、与えたダメージに応じて自身の体力を回復する。,/img/spell/WarwickQ.png
778,156,W,血の追跡,体力が50%未満の敵ユニットを感知して、その敵ユニットに向かう際に移動速度と攻撃速度が増加する。その敵ユニットの体力が25%未満に低下した場合は、ワーウィックが狂乱状態になってこれらの効果が3倍になる。,/img/spell/WarwickW.png
779,156,E,怒りの咆哮,2.5秒間、受けるダメージが減少する。効果の終了時、またはスキルを再発動すると、咆哮をあげて周囲の敵ユニットを1秒間逃走させる。,/img/spell/WarwickE.png
780,156,R,絶狼牙連撃,指定方向にジャンプして、最初に接触した敵チャンピオンに1.5秒間サプレッション効果を与える(増加した移動速度に応じて射程が拡大)。,/img/spell/WarwickR.png
781,157,P,クリーンカット,スキル使用後、次に行う数回の通常攻撃が軌道上のすべての敵にダメージを与え、<font color='#C200E1'>「羽根」</font>を落とすようになる。,/img/spell/XayahPassive.png
782,157,Q,ダブルダガー,2枚の羽根の刃を投げてダメージを与え、呼び戻すことができる「羽根」を落とす。,/img/spell/XayahQ.png
783,157,W,デッドリープルーム,羽根の刃の嵐を作り出し、攻撃速度とダメージを増加させる。敵チャンピオンを攻撃した場合は移動速度も増加する。,/img/spell/XayahW.png
784,157,E,ブレードコーラー,落とした「羽根」をすべて呼び戻し、敵ユニットにダメージとスネア効果を与える。,/img/spell/XayahE.png
785,157,R,フェザーストーム,空中に飛んでしばらく対象指定されなくなり、複数の羽根の刃を投げ、呼び戻すことができる「羽根」を落とす。,/img/spell/XayahR.png
786,158,P,マナサージ,一定時間ごとに、通常攻撃でダメージを与えると自身のマナを回復する。ユニットをキルするたびに、このクールダウンが短縮される。,/img/spell/Xerath_Passive1.png
787,158,Q,アルカノパルス,長射程のエネルギービームを発射し、命中したすべての敵ユニットに魔法ダメージを与える。,/img/spell/XerathArcanopulseChargeUp.png
788,158,W,デストラクションアイ,神秘のエネルギーを空から撃ち落とし、範囲内の敵ユニットにスロウと魔法ダメージを与える。範囲内の中心にいる敵ユニットは、より大きなダメージとスロウを受ける。,/img/spell/XerathArcaneBarrage2.png
789,158,E,ショックオーブ,敵ユニットに魔法ダメージとスタンを与える。,/img/spell/XerathMageSpear.png
790,158,R,アーケーンライト,移動できなくなるかわりに、超長距離射程の攻撃を行えるようになる。,/img/spell/XerathLocusOfPower2.png
791,159,P,不退転,通常攻撃が3回毎に追加ダメージを与えて自身を回復する。,/img/spell/XinZhaoReworkP.XinZhaoRework.png
792,159,Q,三槍撃,通常攻撃が3回分強化され、3回目で敵をノックアップさせる。,/img/spell/XinZhaoQ.png
793,159,W,風成雷鳴,前方を槍で薙ぎ払い、次に槍を突いて敵ユニットにスロウを与え、挑戦対象としてマークする。,/img/spell/XinZhaoW.png
794,159,E,兵貴神速,敵に突進して攻撃速度が増加し、範囲内にいるすべての敵にダメージと短時間のスロウ効果を与える。挑戦対象に対しては、このスキルの射程が増加する。,/img/spell/XinZhaoE.png
795,159,R,三日月槍守,自動効果で、直前にダメージを与えた敵が挑戦対象になる。発動すると、周囲にいる敵に対象の現在体力に応じたダメージを与え、挑戦対象以外をノックバックさせる。発生した円の外にいる敵チャンピオンからはダメージを受けなくなる。,/img/spell/XinZhaoR.png
796,160,P,浪人道,クリティカル率が増加する。また、移動距離に応じてシールドがチャージされ、敵チャンピオンおよび中立モンスターからダメージを受けると発動する。,/img/spell/Yasuo_Passive.png
797,160,Q,抜刀,指定方向に突きを放ち、直線上の敵すべてにダメージを与える。<br><br>このスキルが命中するとヤスオは「つむじ風」のスタックを数秒間得る。スタックが2つたまるとヤスオは風を身にまとい、次の「抜刀」と同時に「つむじ風」を放つ。「つむじ風」は指定方向に吹き抜け、触れた敵ユニットを<font color='#6655CC'>ノックアップ</font>させる。<br><br>「抜刀」は通常攻撃扱いのため、通常攻撃と同じように強化される。,/img/spell/YasuoQ1Wrapper.png
798,160,W,風殺の壁,4秒間持続し、少しずつ前進する風の壁を生み出す。敵のあらゆる発射物は、この壁に触れると消滅する。,/img/spell/YasuoW.png
799,160,E,風薙ぎ,指定した敵を通り過ぎるようにダッシュし、魔法ダメージを与える。発動ごとに、その後のダッシュで与えるダメージが増加する(上限あり)。<br><br>同一の敵に対しては数秒間、このスキルを再発動できない。<br><br><font color='#99FF99'>このスキルのダッシュ中に「抜刀」を発動すると、円状に斬撃を繰り出す。</font>,/img/spell/YasuoE.png
800,160,R,鬼哭啾々,<factionIonia1>ノックアップ状態</factionIonia1>の敵チャンピオンのもとへブリンクし、空中で斬撃を繰り出して物理ダメージを与える。また、範囲内の<factionIonia1>ノックアップ中</factionIonia1>の敵をさらに<factionIonia1>ノックアップ</factionIonia1>させる。発動と同時に波動ゲージが満タンになるが「つむじ風」のスタックをすべて消費する。<br><br>少しの間、クリティカル時に対象の物理防御増加分を大きく貫通する。,/img/spell/YasuoR.png
801,161,P,狩鬼道,通常攻撃2回ごとに魔法ダメージを与える。さらに、クリティカル率が増加する。,/img/spell/YonePassive.png
802,161,Q,斬命刀,前方に突きを放ち、直線上の敵すべてにダメージを与える。<br><br>このスキルが命中すると「つむじ風」のスタックを数秒間得る。2スタックになると、「斬命刀」を使用した際、一陣の風をまとって前方にダッシュし、敵を<status>ノックアップ</status>させる。,/img/spell/YoneQ.png
803,161,W,霊断刀,前方をなぎ払い、扇状の範囲内にいるすべての敵にダメージを与え、シールドを獲得する。シールド量はなぎ払いが命中したチャンピオンの数に応じて増加する。<br><br>攻撃速度が増加すると「霊断刀」のクールダウンと詠唱時間が短縮される。,/img/spell/YoneW.png
804,161,E,縛魂の解放,自身の霊魂が肉体を離れ、移動速度が増加する。スキル終了時にこの霊魂は肉体に強制的に戻り、霊魂として与えたダメージの一部をもう一度与える。,/img/spell/YoneE.png
805,161,R,冥封一閃,直線上の最後にいるチャンピオンの背後に強力な斬撃を与えてブリンクし、当たった敵すべてを自身の方向に引き寄せる。,/img/spell/YoneR.png
806,162,P,魂の導き手,<font color='#FF9900'>呪われし一群:</font> 周囲の敵に襲いかかり攻撃する「ミストウォーカー」を召喚する。,/img/spell/Yorick_P.png
807,162,Q,葬送,次に行う通常攻撃が追加ダメージを与えて自身を回復する。対象がチャンピオンか大型モンスターだった場合、または対象が倒された場合は墓が掘られる。,/img/spell/YorickQ.png
808,162,W,屍の列,指定した地点に破壊可能な壁を召喚し、敵ユニットの動きを阻止する。,/img/spell/YorickW.png
809,162,E,悲嘆の霧,「黒き霧」の塊を投げつけて物理防御を低下させ、ダメージとスロウ効果を与え、対象をマークする。召喚したユニットはマークされた対象に向かう際は移動速度が増加する。 ,/img/spell/YorickE.png
810,162,R,嘆きの墓標,ヨリックが「霧の乙女」を召喚する。「霧の乙女」が攻撃している対象を自身が攻撃すると追加ダメージを与える。「霧の乙女」は倒された敵から自動的に「ミストウォーカー」を召喚する。,/img/spell/YorickR.png
811,163,P,始まりの地への誓い,クリティカル攻撃が追加魔法ダメージを与える。,/img/spell/Yunara_Passive.Yunara.png
812,163,Q,精神修養,攻撃速度が増加し、通常攻撃時効果で追加ダメージを与え、通常攻撃が周囲の敵に拡散する。,/img/spell/YunaraQ.png
813,163,W,裁きの弧/滅びの弧,回転する珠を撃ち出し、敵にダメージとスロウ効果を与える。超越状態では、レーザー状に精霊魔法を発射して、敵にダメージとスロウ効果を与える。,/img/spell/YunaraW.png
814,163,E,カンメイの歩み/触れ得ぬ影,移動速度が増加し、ゴースト化する。超越状態では、代わりに指定方向にダッシュする。,/img/spell/YunaraE.png
815,163,R,自己超越,超越状態になり、通常スキルがアップグレードされる。,/img/spell/YunaraR.png
816,164,P,ネコはトモダチ,一定時間ごとに、通常攻撃またはスキルをチャンピオンに命中させると、自身および次にくっつく味方の体力が回復する。<br><br>くっついている間は、その味方との間に特別な絆が生まれる。絆が最も強い味方にくっついている間は、自身のスキルが強化される。,/img/spell/YuumiP2.png
817,164,Q,きまぐれミサイル,ミサイルを発射し、最初に当たった対象にダメージとスロウ効果を与える。発射後1.35秒以上経過すると、与えるダメージとスロウ効果が強化される。「ベストフレンド」にくっついている間は、ミサイルのスロウ効果が常に強化され、味方は通常攻撃時効果で追加ダメージを与えるようになる。<br><br>くっついている間は少しの間だけミサイルをマウスカーソルで操作できる。,/img/spell/YuumiQ.png
818,164,W,ユー＆ミー！,対象の味方までダッシュして、タワー以外のすべてから対象指定不可状態になる。「ベストフレンド」にくっついている間は自身の体力回復/シールド効果が増加し、味方は通常攻撃時効果で体力が回復する。,/img/spell/YuumiW.png
819,164,E,バビューン！,シールドを獲得して、移動速度と攻撃速度が増加する。くっついている場合は、自身ではなく味方にこの効果を与える。<br>,/img/spell/YuumiE.png
820,164,R,ファイナルチャプター,詠唱してウェーブを5回発射する。ウェーブは対象が敵の場合はダメージを与えて、味方の場合は体力を回復する。詠唱中も移動と「バビューン！」の発動が可能で、味方にくっつくこともできる。「ベストフレンド」にくっついている間は、このスキルの発射方向をマウスで操作できる。,/img/spell/YuumiR.png
821,165,P,戦威修養,敵チャンピオンに対する攻撃およびスキルで「不退転」のスタックを獲得し、スタックごとに攻撃力が増加する。「不退転」が最大スタックになると、攻撃力が増加し、復活できるようになる。,/img/spell/ZaahenP.Zaahen.png
822,165,Q,ダーキングレイヴ,次の通常攻撃で2回斬りつけ、追加ダメージを与え、自身を回復する。スキルを再使用すると、次の通常攻撃で追加ダメージを与え、対象をノックアップさせる。<br>,/img/spell/ZaahenQ.png
823,165,W,戦慄の再臨,指定方向を突き刺し、命中した敵にダメージを与えた後、自身の方向へ引き寄せる。,/img/spell/ZaahenW.png
824,165,E,絢爛たる進撃,前方に突進し、周囲を斬りつける。,/img/spell/ZaahenE.png
825,165,R,無慈悲なる裁き,上昇した後、下方へ突き刺し、敵にダメージを与え、与えたダメージの一定割合の体力を回復する。,/img/spell/ZaahenR.png
826,166,P,はぐれスライム,スキルによる攻撃を命中させるたびスライムが飛び散り、回収すると体力が回復する。致命的なダメージを受けた場合、ザックは4体のスライムに分裂する。その後数秒かけて再融合し、この時に生き残っていたスライムの体力に応じた体力で復活する。各スライムはザックの最大体力、物理防御、魔法防御の数パーセントに相当するステータスを持つ。ザックは一度分裂すると、ふたたび分裂するために5分間のクールダウンが必要になる。,/img/spell/ZacPassive.png
827,166,Q,スライムパンチ,片手を伸ばして敵ユニットを掴む。別の敵ユニットを攻撃すると両者を互いにぶつけ合わせる。,/img/spell/ZacQ.png
828,166,W,スライムクラッシュ,体を爆発させることで近くの敵に向かって突進し、最大体力の一定割合を魔法ダメージとして与える。,/img/spell/ZacW.png
829,166,E,ブッ飛びスライム,ザックが両手をついて反発力を溜め込み、対象に勢いよく飛びかかる。,/img/spell/ZacE.png
830,166,R,レッツバウンス！,4回バウンドし、命中した敵をノックアップさせてスロウ状態にする。,/img/spell/ZacR.png
831,167,P,弱者必衰,残り体力の少ない敵を通常攻撃した場合、追加魔法ダメージを与える。同じ敵チャンピオンには数秒に1度しか効果が発生しない。,/img/spell/ZedP.png
832,167,Q,風魔手裏剣,自身と影が平型手裏剣を投げる。<br><br>手裏剣が命中した敵それぞれにダメージを与える。,/img/spell/ZedQ.png
833,167,W,影分身,<font color='#FF9900'>自動効果:</font> 自身と影が特定の敵に同一のスキルを命中させるたびに、気が回復する(各スキルの発動中、一度のみ有効)。<br><br><font color='#FF9900'>発動効果:</font> 影を指定方向に放つ。影は数秒間その場に留まる。再発動で自身と影の位置が入れ替わる。,/img/spell/ZedW.png
834,167,E,影薙ぎ,自身と影が回転斬りを放ち、周囲の敵にダメージを与える。影の回転斬りが命中した敵はスロウ効果を受ける。,/img/spell/ZedE.png
835,167,R,死の刻印,対象指定されなくなり、指定した敵チャンピオンにダッシュして印を付与する。3秒後に印が爆発して、印が付与されている間に自身が対象に与えた全ダメージの一定割合のダメージをもう一度与える。,/img/spell/ZedR.png
836,168,P,生体バッテリー,ゼリの通常攻撃は魔法ダメージを与え、スキルとして扱われる。移動および「バーストファイア」の使用により、「スパークパック」にエネルギーが蓄積される。最大までチャージされると、次の通常攻撃が追加ダメージを与える。,/img/spell/ZeriP.png
837,168,Q,バーストファイア,「バーストファイア」は7発の弾をバースト射撃し、最初に命中した敵に攻撃力ダメージを与える。このスキルは通常攻撃として扱われる。,/img/spell/ZeriQ.png
838,168,W,ウルトラショックレーザー,電磁パルスを発射して、最初に命中した敵にスロウ効果とダメージを与える。パルスが壁に当たると、当たった位置から幅が広く、射程の長いレーザーを発射する。,/img/spell/ZeriW.png
839,168,E,スパークサージ,短い距離をダッシュし、次に行う3回の「バーストファイア」が強化されて敵を貫通するようになる。地形に触れた場合は、地形を飛び越えるか地形に沿って滑る。,/img/spell/ZeriE.png
840,168,R,ライトニングクラッシュ,大量の電力を放出して自身をオーバーチャージし、ダメージと移動速度が増加する。この増加移動速度はスタック可能で、敵チャンピオンに攻撃が命中するたび、リフレッシュされて強化される。オーバーチャージ中は「バーストファイア」が素早い3連射になり、他の敵へと連鎖する電撃が放たれるようになる。,/img/spell/ZeriR.png
841,169,P,ショートヒューズ,一定時間ごとに、次の通常攻撃に追加魔法ダメージがつく。スキルを使用するたびに、次の追加ダメージまでの時間が短くなる。,/img/spell/ZiggsPassiveReady.png
842,169,Q,バウンドボム,地面にバウンドする爆弾を投げ、魔法ダメージを与える。,/img/spell/ZiggsQ.png
843,169,W,エンジニアボム,発動から少し遅れて、またはスキルを再発動した時に起爆するヨードルグレネードを投げる。爆発は敵に魔法ダメージを与えて弾き飛ばす。ジグスも弾き飛ばされるがダメージは受けない。<br><br>体力が減った敵タワーをエンジニアボムで「ヘクスプロード」して破壊できる。,/img/spell/ZiggsW.png
844,169,E,ヘクステックマイン,地面に地雷を複数設置する。敵が接触すると爆発し、魔法ダメージとスロウ効果を与える。同じ敵が地雷を起爆させた場合は与えるダメージが減少する。,/img/spell/ZiggsE.png
845,169,R,メガインフェルノボム,究極の発明品「メガインフェルノボム」は射程距離が極めて長く、爆破範囲中央部にいる敵はさらに大ダメージを受ける。,/img/spell/ZiggsR.png
846,170,P,タイムインボトル,時間を経験値として溜めて、味方に付与できる。味方のレベルを上げるのに必要な経験値が溜まっている状態で相手を右クリックすると、経験値を与えることができる。同時に、与えた量と同じ経験値を自身も獲得する。,/img/spell/Zilean_Passive.png
847,170,Q,タイムボム,指定地点に爆弾を投げ、近付いたユニットに付着させる(チャンピオン優先)。付着した爆弾は3秒後に爆発し、範囲ダメージを与える。爆発前にもう一つ「タイムボム」を仕掛けられると即時に爆発し、敵にスタン効果を与える。,/img/spell/ZileanQ.png
848,170,W,リワインド,ジリアンは近い未来の戦いに備え、通常スキルのクールダウンを短縮することができる。,/img/spell/ZileanW.png
849,170,E,タイムワープ,対象ユニット周辺の時間軸を短時間ねじ曲げ、対象が敵の場合はスロウを与え、味方の場合は移動速度を増加させる。,/img/spell/TimeWarp.png
850,170,R,クロノシフト,対象の味方チャンピオンに砂時計の印を付与し、体力がゼロになった瞬間、過去へ遡らせて復活させる。,/img/spell/ChronoShift.png
851,171,P,スパークル！,スキル使用後、次に行う通常攻撃が追加魔法ダメージを与える。,/img/spell/Zoe_P.png
852,171,Q,パドルスター,途中で進行方向を変えられる星を飛ばす。真っすぐ飛んだ距離の長さに応じてダメージが増加する。,/img/spell/ZoeQ.png
853,171,W,スペルシーフ,敵のサモナースペルと発動効果アイテムのかけらを拾って1回使用できる。サモナースペルを使用するごとに最大3つの魔法の弾を最も近くにいる対象に向かって飛ばす。,/img/spell/ZoeW.png
854,171,E,スリープバブル,対象に眠気を与えてから眠らせる。眠っている間は、対象の魔法防御が低下する。眠りを覚ます攻撃は2倍のダメージを与える(上限あり)。,/img/spell/ZoeE.png
855,171,R,ポータルジャンプ,近くの指定した位置に1秒間ブリンクして、もとの位置に戻る。,/img/spell/ZoeR.png
856,172,P,茨の楽園,定期的に自身の周囲に種を発生させる。その周期はレベルに応じて速くなる。種の近くで「死華の棘」または「捕縛の根」を使用すると種は植物に成長し、自身の味方となって戦う。,/img/spell/ZyraP.png
857,172,Q,死華の棘,太いツルが地中に広がって鋭いトゲを生やし、範囲内の敵に魔法ダメージを与える。「死華の棘」を種の近くで使用すると、遠距離の敵を射撃する「棘吹草」に成長させる。,/img/spell/ZyraQ.png
858,172,W,狂い咲き,最大60秒間持続する種を生やす。種の近くで「死華の棘」または「捕縛の根」を使用すると種は植物に成長し、味方として戦う。同時に複数の種を蓄えておくことが可能で、敵ユニットを倒すと「狂い咲き」のチャージ時間が短縮される。,/img/spell/ZyraW.png
859,172,E,捕縛の根,地中から伸びる巨大なツタが対象を絡めとり、ダメージを与え移動不能にする。「捕縛の根」を種の近くで使用すると「棘鞭草」に成長させ、近距離の敵を攻撃しダメージを与え、移動速度を低下させる。,/img/spell/ZyraE.png
860,172,R,茨のゆりかご,指定地点から茨を放射状に成長させて範囲内の敵にダメージを与え、茨が地中に戻る際に触れた敵をノックアップさせる。茨の範囲内の植物は怒り狂う。,/img/spell/ZyraR.png
